Workbook

Sheet 안내
A1: 부산광역시 유치원·어린이집·초등학교 현황
A2: 수집일: 2026-09-23
A4: ■ 시트 구성
A5: · 전체: 3개 유형 통합 목록 1,916곳 (원명/구분/홈페이지/전화/총 인원/나이별 인원 요약)
A6: · 구군별 요약: 구·군별 기관 수와 인원 (수식으로 각 시트 집계)
A7: · 유치원 379곳 — 만3·4·5세, 연령혼합반, 특수학급 원아수
A8: · 어린이집 1,217곳 — 만0~5세, 혼합반, 장애아반, 기타 현원
A9: · 초등학교 320곳 — 1~6학년, 특수·순회학급 학생수 (2026 공시 302곳 + 확인 필요 18곳, 목록 하단)
A11: ■ 출처
A12: · 유치원·어린이집 목록/전화/홈페이지: 유치원알리미 통합검색 (e-childschoolinfo.moe.go.kr, 부산광역시)
A13: · 유치원·어린이집 나이별 인원: 유치원알리미 비교 > 학급·교육 (연령별 학급 현황의 "현원")
A14: · 초등학교 목록/전화/홈페이지: 학교알리미 (schoolinfo.go.kr) 학교 기본정보
... A24: · 초등학교 중 2026 공시가 없는 학교는 폐교·통폐합(예: 좌천초·좌성초·신선초·봉삼초 등) 가능성이 높아 목록 하단에 두고 요약 집계에서 제외했습니다.

Sheet 구군별 요약
A1: 구/군 | B1: 유치원 수 | C1: 유치원 원아 | D1: 어린이집 수 | E1: 어린이집 현원 | F1: 초등학교 수 | G1: 초등 학생 | H1: 기관 합계 | I1: 인원 합계
A2: 강서구 | B2: =COUNTIFS(유치원!$D$2:$D$380,$A2) | C2: =SUMIFS(유치원!$N$2:$N$380,유치원!$D$2:$D$380,$A2) | D2: =COUNTIFS(어린이집!$D$2:$D$1218,$A2) | E2: =SUMIFS(어린이집!$T$2:$T$1218,어린이집!$D$2:$D$1218,$A2) | F2: =COUNTIFS(초등학교!$D$2:$D$321,$A2,초등학교!$H$2:$H$321,"2026") | G2: =SUMIFS(초등학교!$Q$2:$Q$321,초등학교!$D$2:$D$321,$A2,초등학교!$H$2:$H$321,"2026") | H2: =B2+D2+F2 | I2: =C2+E2+G2
A3: 금정구 | B3: =COUNTIFS(유치원!$D$2:$D$380,$A3) | C3: =SUMIFS(유치원!$N$2:$N$380,유치원!$D$2:$D$380,$A3) | D3: =COUNTIFS(어린이집!$D$2:$D$1218,$A3) | E3: =SUMIFS(어린이집!$T$2:$T$1218,어린이집!$D$2:$D$1218,$A3) | F3: =COUNTIFS(초등학교!$D$2:$D$321,$A3,초등학교!$H$2:$H$321,"2026") | G3: =SUMIFS(초등학교!$Q$2:$Q$321,초등학교!$D$2:$D$321,$A3,초등학교!$H$2:$H$321,"2026") | H3: =B3+D3+F3 | I3: =C3+E3+G3
A4: 기장군 | B4: =COUNTIFS(유치원!$D$2:$D$380,$A4) | C4: =SUMIFS(유치원!$N$2:$N$380,유치원!$D$2:$D$380,$A4) | D4: =COUNTIFS(어린이집!$D$2:$D$1218,$A4) | E4: =SUMIFS(어린이집!$T$2:$T$1218,어린이집!$D$2:$D$1218,$A4) | F4: =COUNTIFS(초등학교!$D$2:$D$321,$A4,초등학교!$H$2:$H$321,"2026") | G4: =SUMIFS(초등학교!$Q$2:$Q$321,초등학교!$D$2:$D$321,$A4,초등학교!$H$2:$H$321,"2026") | H4: =B4+D4+F4 | I4: =C4+E4+G4
A5: 남구 | B5: =COUNTIFS(유치원!$D$2:$D$380,$A5) | C5: =SUMIFS(유치원!$N$2:$N$380,유치원!$D$2:$D$380,$A5) | D5: =COUNTIFS(어린이집!$D$2:$D$1218,$A5) | E5: =SUMIFS(어린이집!$T$2:$T$1218,어린이집!$D$2:$D$1218,$A5) | F5: =COUNTIFS(초등학교!$D$2:$D$321,$A5,초등학교!$H$2:$H$321,"2026") | G5: =SUMIFS(초등학교!$Q$2:$Q$321,초등학교!$D$2:$D$321,$A5,초등학교!$H$2:$H$321,"2026") | H5: =B5+D5+F5 | I5: =C5+E5+G5
A6: 동구 | B6: =COUNTIFS(유치원!$D$2:$D$380,$A6) | C6: =SUMIFS(유치원!$N$2:$N$380,유치원!$D$2:$D$380,$A6) | D6: =COUNTIFS(어린이집!$D$2:$D$1218,$A6) | E6: =SUMIFS(어린이집!$T$2:$T$1218,어린이집!$D$2:$D$1218,$A6) | F6: =COUNTIFS(초등학교!$D$2:$D$321,$A6,초등학교!$H$2:$H$321,"2026") | G6: =SUMIFS(초등학교!$Q$2:$Q$321,초등학교!$D$2:$D$321,$A6,초등학교!$H$2:$H$321,"2026") | H6: =B6+D6+F6 | I6: =C6+E6+G6
A7: 동래구 | B7: =COUNTIFS(유치원!$D$2:$D$380,$A7) | C7: =SUMIFS(유치원!$N$2:$N$380,유치원!$D$2:$D$380,$A7) | D7: =COUNTIFS(어린이집!$D$2:$D$1218,$A7) | E7: =SUMIFS(어린이집!$T$2:$T$1218,어린이집!$D$2:$D$1218,$A7) | F7: =COUNTIFS(초등학교!$D$2:$D$321,$A7,초등학교!$H$2:$H$321,"2026") | G7: =SUMIFS(초등학교!$Q$2:$Q$321,초등학교!$D$2:$D$321,$A7,초등학교!$H$2:$H$321,"2026") | H7: =B7+D7+F7 | I7: =C7+E7+G7
A8: 부산진구 | B8: =COUNTIFS(유치원!$D$2:$D$380,$A8) | C8: =SUMIFS(유치원!$N$2:$N$380,유치원!$D$2:$D$380,$A8) | D8: =COUNTIFS(어린이집!$D$2:$D$1218,$A8) | E8: =SUMIFS(어린이집!$T$2:$T$1218,어린이집!$D$2:$D$1218,$A8) | F8: =COUNTIFS(초등학교!$D$2:$D$321,$A8,초등학교!$H$2:$H$321,"2026") | G8: =SUMIFS(초등학교!$Q$2:$Q$321,초등학교!$D$2:$D$321,$A8,초등학교!$H$2:$H$321,"2026") | H8: =B8+D8+F8 | I8: =C8+E8+G8
A9: 북구 | B9: =COUNTIFS(유치원!$D$2:$D$380,$A9) | C9: =SUMIFS(유치원!$N$2:$N$380,유치원!$D$2:$D$380,$A9) | D9: =COUNTIFS(어린이집!$D$2:$D$1218,$A9) | E9: =SUMIFS(어린이집!$T$2:$T$1218,어린이집!$D$2:$D$1218,$A9) | F9: =COUNTIFS(초등학교!$D$2:$D$321,$A9,초등학교!$H$2:$H$321,"2026") | G9: =SUMIFS(초등학교!$Q$2:$Q$321,초등학교!$D$2:$D$321,$A9,초등학교!$H$2:$H$321,"2026") | H9: =B9+D9+F9 | I9: =C9+E9+G9
A10: 사상구 | B10: =COUNTIFS(유치원!$D$2:$D$380,$A10) | C10: =SUMIFS(유치원!$N$2:$N$380,유치원!$D$2:$D$380,$A10) | D10: =COUNTIFS(어린이집!$D$2:$D$1218,$A10) | E10: =SUMIFS(어린이집!$T$2:$T$1218,어린이집!$D$2:$D$1218,$A10) | F10: =COUNTIFS(초등학교!$D$2:$D$321,$A10,초등학교!$H$2:$H$321,"2026") | G10: =SUMIFS(초등학교!$Q$2:$Q$321,초등학교!$D$2:$D$321,$A10,초등학교!$H$2:$H$321,"2026") | H10: =B10+D10+F10 | I10: =C10+E10+G10
A11: 사하구 | B11: =COUNTIFS(유치원!$D$2:$D$380,$A11) | C11: =SUMIFS(유치원!$N$2:$N$380,유치원!$D$2:$D$380,$A11) | D11: =COUNTIFS(어린이집!$D$2:$D$1218,$A11) | E11: =SUMIFS(어린이집!$T$2:$T$1218,어린이집!$D$2:$D$1218,$A11) | F11: =COUNTIFS(초등학교!$D$2:$D$321,$A11,초등학교!$H$2:$H$321,"2026") | G11: =SUMIFS(초등학교!$Q$2:$Q$321,초등학교!$D$2:$D$321,$A11,초등학교!$H$2:$H$321,"2026") | H11: =B11+D11+F11 | I11: =C11+E11+G11
A12: 서구 | B12: =COUNTIFS(유치원!$D$2:$D$380,$A12) | C12: =SUMIFS(유치원!$N$2:$N$380,유치원!$D$2:$D$380,$A12) | D12: =COUNTIFS(어린이집!$D$2:$D$1218,$A12) | E12: =SUMIFS(어린이집!$T$2:$T$1218,어린이집!$D$2:$D$1218,$A12) | F12: =COUNTIFS(초등학교!$D$2:$D$321,$A12,초등학교!$H$2:$H$321,"2026") | G12: =SUMIFS(초등학교!$Q$2:$Q$321,초등학교!$D$2:$D$321,$A12,초등학교!$H$2:$H$321,"2026") | H12: =B12+D12+F12 | I12: =C12+E12+G12
A13: 수영구 | B13: =COUNTIFS(유치원!$D$2:$D$380,$A13) | C13: =SUMIFS(유치원!$N$2:$N$380,유치원!$D$2:$D$380,$A13) | D13: =COUNTIFS(어린이집!$D$2:$D$1218,$A13) | E13: =SUMIFS(어린이집!$T$2:$T$1218,어린이집!$D$2:$D$1218,$A13) | F13: =COUNTIFS(초등학교!$D$2:$D$321,$A13,초등학교!$H$2:$H$321,"2026") | G13: =SUMIFS(초등학교!$Q$2:$Q$321,초등학교!$D$2:$D$321,$A13,초등학교!$H$2:$H$321,"2026") | H13: =B13+D13+F13 | I13: =C13+E13+G13
... A17: 해운대구 | B17: =COUNTIFS(유치원!$D$2:$D$380,$A17) | C17: =SUMIFS(유치원!$N$2:$N$380,유치원!$D$2:$D$380,$A17) | D17: =COUNTIFS(어린이집!$D$2:$D$1218,$A17) | E17: =SUMIFS(어린이집!$T$2:$T$1218,어린이집!$D$2:$D$1218,$A17) | F17: =COUNTIFS(초등학교!$D$2:$D$321,$A17,초등학교!$H$2:$H$321,"2026") | G17: =SUMIFS(초등학교!$Q$2:$Q$321,초등학교!$D$2:$D$321,$A17,초등학교!$H$2:$H$321,"2026") | H17: =B17+D17+F17 | I17: =C17+E17+G17
A18: 합계 | B18: =SUM(B2:B17) | C18: =SUM(C2:C17) | D18: =SUM(D2:D17) | E18: =SUM(E2:E17) | F18: =SUM(F2:F17) | G18: =SUM(G2:G17) | H18: =SUM(H2:H17) | I18: =SUM(I2:I17)
A20: ※ 초등학교 수·학생은 2026년 공시가 있는 학교만 집계(폐교·통폐합 추정 학교 제외). 인원은 각 시트의 합계 열을 참조합니다.

Sheet 전체
A1: 원명(학교명) | B1: 구분 | C1: 설립유형 | D1: 구/군 | E1: 주소 | F1: 공식 홈페이지 | G1: 전화번호 | H1: 총 인원(현원) | I1: 나이별 인원 요약
A2: 가락초등학교병설유치원 | B2: 유치원 | C2: 공립(병설) | D2: 강서구 | E2: 부산광역시 강서구 호계로 41 | F2: http://school.busanedu.net/garak-k/main.do | G2: 051-971-8930 | H2: =유치원!N2
A3: 강서유치원 | B3: 유치원 | C3: 공립(단설) | D3: 강서구 | E3: 부산광역시 강서구 에코델타4로 93 | F3: https://school.busanedu.net/gangseo-k | G3: 051-911-2004 | H3: =유치원!N3 | I3: 만3세 98 / 만4세 94 / 만5세 81 / 특수학급 1
A4: 기린유치원 | B4: 유치원 | C4: 사립(사인) | D4: 강서구 | E4: 부산광역시 강서구 과학산단로334번다길 59 | F4: https://school.busanedu.net/girin-k/ | G4: 051-941-7741 | H4: =유치원!N4 | I4: 만3세 26 / 만4세 13 / 만5세 26 / 연령혼합반 12
A5: 남명유치원 | B5: 유치원 | C5: 공립(단설) | D5: 강서구 | E5: 부산광역시 강서구 명지오션시티11로 132 | F5: http://school.busanedu.net/nammyeong-k | G5: 051-271-7667 | H5: =유치원!N5 | I5: 만3세 27 / 만4세 37 / 만5세 25 / 특수학급 2
A6: 녹산유치원 | B6: 유치원 | C6: 공립(단설) | D6: 강서구 | E6: 부산광역시 강서구 과학산단2로20번길 55 | F6: http://school.busanedu.net/noksan-k/ | G6: 051-790-2100 | H6: =유치원!N6 | I6: 만3세 23 / 만4세 36 / 만5세 49 / 특수학급 2
A7: 대저유치원 | B7: 유치원 | C7: 사립(사인) | D7: 강서구 | E7: 부산광역시 강서구 공항로767번나길 7 | F7: https://school.busanedu.net/Daejeo-k | G7: 051-973-4026 | H7: =유치원!N7 | I7: 만3세 32 / 만4세 22 / 만5세 32 / 연령혼합반 20
A8: 명원초등학교병설유치원 | B8: 유치원 | C8: 공립(병설) | D8: 강서구 | E8: 부산광역시 강서구 명지국제6로 147 | F8: http://school.busanedu.net/myoungwon-k | G8: 051-250-3400 | H8: =유치원!N8 | I8: 만3세 14 / 만4세 24 / 만5세 20
A9: 명일유치원 | B9: 유치원 | C9: 공립(단설) | D9: 강서구 | E9: 부산광역시 강서구 명지국제5로 170-5 | F9: https://school.busanedu.net/myeong1-k | G9: 051-290-3400 | H9: =유치원!N9 | I9: 만3세 27 / 만4세 31 / 만5세 38 / 특수학급 4
A10: 명지가온유치원 | B10: 유치원 | C10: 공립(단설) | D10: 강서구 | E10: 부산광역시 강서구 명지오션시티6로 69 | F10: https://school.busanedu.net/myeongjigaon-k/main.do | G10: 051-609-1500 | H10: =유치원!N10 | I10: 만3세 98 / 만4세 127 / 만5세 134 / 특수학급 9
A11: 명지국제유치원 | B11: 유치원 | C11: 사립(사인) | D11: 강서구 | E11: 부산광역시 강서구 명지국제7로 186 | G11: 051-293-7722 | H11: =유치원!N11 | I11: 만3세 48 / 만4세 162 / 만5세 77 / 연령혼합반 162
A12: 명지꿈자람유치원 | B12: 유치원 | C12: 공립(단설) | D12: 강서구 | E12: 부산광역시 강서구 명지국제8로 199 | F12: https://school.busanedu.net/myungjidream-k/main.do | G12: 051-609-1900 | H12: =유치원!N12 | I12: 만3세 56 / 만4세 76 / 만5세 79
A13: 명지배화유치원 | B13: 유치원 | C13: 사립(사인) | D13: 강서구 | E13: 부산광역시 강서구 영강길 165 | F13: https://school.busanedu.net/mjbaewha-k | G13: 051-714-1902 | H13: =유치원!N13 | I13: 만3세 64 / 만4세 96 / 만5세 104
A14: 명지센텀유치원 | B14: 유치원 | C14: 사립(사인) | D14: 강서구 | E14: 부산광역시 강서구 명지오션시티9로 53 | G14: 051-714-2000 | H14: =유치원!N14 | I14: 연령혼합반 314
A15: 명지유치원 | B15: 유치원 | C15: 공립(단설) | D15: 강서구 | E15: 부산광역시 강서구 명지국제6로 296 | F15: http://school.busanedu.net/myungji-k/main.do | G15: 051-203-4890 | H15: =유치원!N15 | I15: 만3세 28 / 만4세 18 / 만5세 38 / 특수학급 3
A16: 명지자연유치원 | B16: 유치원 | C16: 사립(사인) | D16: 강서구 | E16: 부산광역시 강서구 신호산단1로140번길 16-3 | G16: 051-893-6677 | H16: =유치원!N16 | I16: 만3세 48 / 만4세 58 / 만5세 76
A17: 명호초등학교병설유치원 | B17: 유치원 | C17: 공립(병설) | D17: 강서구 | E17: 부산광역시 강서구 명지오션시티2로 41 | F17: http://school.busanedu.net/myungho-k/main.do | G17: 051-220-1190 | H17: =유치원!N17 | I17: 만5세 13 / 연령혼합반 10
A18: 보광유치원 | B18: 유치원 | C18: 사립(사인) | D18: 강서구 | E18: 부산광역시 강서구 공항진입로 28 | F18: http://school.busanedu.net/BoGwang-k | G18: 0519732242 | H18: =유치원!N18 | I18: 만3세 48 / 만4세 60 / 만5세 63 / 연령혼합반 22
A19: 새결유치원 | B19: 유치원 | C19: 공립(단설) | D19: 강서구 | E19: 부산광역시 강서구 에코평강길 91 | F19: https://school.busanedu.net/saegyeol-k/main.do | G19: 051-832-0175 | H19: =유치원!N19 | I19: 만3세 30 / 만4세 30 / 만5세 26 / 특수학급 11
A20: 송정유치원 | B20: 유치원 | C20: 공립(단설) | D20: 강서구 | E20: 부산광역시 강서구 신호사로 10 | F20: http://school.busanedu.net/sjkids-k | G20: 051-832-1390 | H20: =유치원!N20 | I20: 만3세 18 / 만4세 29 / 만5세 27 / 특수학급 4
A21: 신명유치원 | B21: 유치원 | C21: 공립(단설) | D21: 강서구 | E21: 부산광역시 강서구 명지국제7로 178 | F21: http://school.busanedu.net/smkids-k/main.do | G21: 051-293-6622 | H21: =유치원!N21 | I21: 만3세 28 / 만4세 34 / 만5세 17 / 특수학급 4
A22: 신호초등학교병설유치원 | B22: 유치원 | C22: 공립(병설) | D22: 강서구 | E22: 부산광역시 강서구 신호이로75번길 12 | F22: http://school.busanedu.net/shinho-k/main.do | G22: 051-974-6870 | H22: =유치원!N22 | I22: 만5세 8 / 연령혼합반 9
A23: 여울유치원 | B23: 유치원 | C23: 공립(단설) | D23: 강서구 | E23: 부산광역시 강서구 에코델타2로 13 | F23: https://school.busanedu.net/yeoul-k/main.do | G23: 051-709-1100 | H23: =유치원!N23 | I23: 만3세 70 / 만4세 89 / 만5세 98 / 특수학급 8
A24: 오션유치원 | B24: 유치원 | C24: 공립(단설) | D24: 강서구 | E24: 부산광역시 강서구 명지오션시티6로 72 | F24: http://school.busanedu.net/oceankids-k/main.do | G24: 051-201-5413 | H24: =유치원!N24 | I24: 만3세 39 / 만4세 37 / 만5세 59 / 특수학급 3
A25: 천가초등학교병설유치원 | B25: 유치원 | C25: 공립(병설) | D25: 강서구 | E25: 부산광역시 강서구 동선길 135 | F25: https://school.busanedu.net/chunga-k | G25: 051-972-7770 | H25: =유치원!N25 | I25: 연령혼합반 2
A26: 구서초등학교병설유치원 | B26: 유치원 | C26: 공립(병설) | D26: 금정구 | E26: 부산광역시 금정구 구서중앙로 35 | F26: http://school.busanedu.net/kuseo-k/ | G26: 051-996-4815 | H26: =유치원!N26 | I26: 만3세 4 / 만4세 14 / 만5세 17
A27: 금사초등학교병설유치원 | B27: 유치원 | C27: 공립(병설) | D27: 금정구 | E27: 부산광역시 금정구 금사로57번길 24 | F27: http://school.busanedu.net/kumsa-k | G27: 051-525-3134 | H27: =유치원!N27 | I27: 만5세 5 / 연령혼합반 11 / 특수학급 6
A28: 금샘누리유치원 | B28: 유치원 | C28: 공립(단설) | D28: 금정구 | E28: 부산광역시 금정구 금샘로 525 | F28: https://school.busanedu.net/geumsaem-k | G28: 051-968-9300 | H28: =유치원!N28 | I28: 만3세 11 / 만4세 27 / 만5세 25 / 특수학급 7
A29: 금정유치원 | B29: 유치원 | C29: 공립(단설) | D29: 금정구 | E29: 부산광역시 금정구 식물원로44번길 46 | F29: http://school.busanedu.net/guemjung-k | G29: 051-581-5488 | H29: =유치원!N29 | I29: 만3세 28 / 만4세 36 / 만5세 54 / 특수학급 4
A30: 꾸미랑유치원 | B30: 유치원 | C30: 사립(사인) | D30: 금정구 | E30: 부산광역시 금정구 서동로34번길 25 | G30: 051-581-2396 | H30: =유치원!N30 | I30: 만3세 23 / 만4세 23 / 만5세 13
A31: 대우유치원 | B31: 유치원 | C31: 사립(사인) | D31: 금정구 | E31: 부산광역시 금정구 부산대학로 10 | F31: http://school.busanedu.net/deawu-k | G31: 051-513-2888 | H31: =유치원!N31 | I31: 만4세 23 / 만5세 25 / 연령혼합반 17
A32: 동래초등학교부속유치원 | B32: 유치원 | C32: 사립(법인) | D32: 금정구 | E32: 부산광역시 금정구 체육공원로44번길 26 | F32: https://school.busanedu.net/dongraekg-k/main.do | G32: 051-515-2689 | H32: =유치원!N32 | I32: 만3세 48 / 만4세 48 / 만5세 50
A33: 동백유치원 | B33: 유치원 | C33: 사립(사인) | D33: 금정구 | E33: 부산광역시 금정구 수림로50번길 47 | F33: http://www.cafe.daum.net/db0610 | G33: 051-581-0610 | H33: =유치원!N33 | I33: 만4세 24 / 만5세 50 / 연령혼합반 87
A34: 둥지유치원 | B34: 유치원 | C34: 사립(사인) | D34: 금정구 | E34: 부산광역시 금정구 서동로103번길 78 | G34: 051-523-0365 | H34: =유치원!N34
A35: 미래자연유치원 | B35: 유치원 | C35: 사립(사인) | D35: 금정구 | E35: 부산광역시 금정구 청룡로61번길 34 | G35: 051-517-6786 | H35: =유치원!N35
A36: 삼광사부설광명유치원 | B36: 유치원 | C36: 사립(법인) | D36: 금정구 | E36: 부산광역시 금정구 금샘로 51 | F36: http://school.busanedu.net/kwangmyoung-k | G36: 051-512-4112 | H36: =유치원!N36 | I36: 만3세 78 / 만4세 78 / 만5세 91
A37: 서명초등학교병설유치원 | B37: 유치원 | C37: 공립(병설) | D37: 금정구 | E37: 부산광역시 금정구 명서로 48 | F37: http://school.busanedu.net/seomyeong-k | G37: 051-526-1670 | H37: =유치원!N37 | I37: 만3세 6 / 만4세 12 / 만5세 8 / 특수학급 4
A38: 소심유치원 | B38: 유치원 | C38: 사립(사인) | D38: 금정구 | E38: 부산광역시 금정구 동현로 76 | F38: http://school.busanedu.net/sosim-k | G38: 051-512-5617 | H38: =유치원!N38 | I38: 만3세 48 / 만4세 65 / 만5세 47
A39: 아람유치원 | B39: 유치원 | C39: 사립(사인) | D39: 금정구 | E39: 부산광역시 금정구 두실로15번길 52-13 | G39: 051-512-3111 | H39: =유치원!N39 | I39: 만4세 46 / 만5세 44 / 연령혼합반 44
A40: 아인유치원 | B40: 유치원 | C40: 사립(사인) | D40: 금정구 | E40: 부산광역시 금정구 금정도서관로 5-4 | F40: https://school.busanedu.net/ain-k/main.do | G40: 051-508-0004 | H40: =유치원!N40 | I40: 만4세 48 / 만5세 49 / 연령혼합반 68
A41: 청룡초등학교병설유치원 | B41: 유치원 | C41: 공립(병설) | D41: 금정구 | E41: 부산광역시 금정구 팔송로 6 | F41: http://school.busanedu.net/cheongryong-k/ | G41: 051-580-9370 | H41: =유치원!N41 | I41: 만5세 8 / 연령혼합반 5
A42: 트니트니유치원 | B42: 유치원 | C42: 사립(사인) | D42: 금정구 | E42: 부산광역시 금정구 중앙대로1667번길 10 | F42: http://cafe.daum.net/tntnhappy | G42: 051-517-2650 | H42: =유치원!N42 | I42: 연령혼합반 47
A43: 파랑새유치원 | B43: 유치원 | C43: 사립(사인) | D43: 금정구 | E43: 부산광역시 금정구 금샘로420번길 15 | F43: http://parangsae.or.kr | G43: 051-516-3566 | H43: =유치원!N43 | I43: 만4세 18 / 만5세 26 / 연령혼합반 20
A44: 하나유치원 | B44: 유치원 | C44: 사립(사인) | D44: 금정구 | E44: 부산광역시 금정구 동현로 106 | F44: http://cafe.naver.com/hanakids9792 | G44: 051-581-9792 | H44: =유치원!N44 | I44: 만4세 41 / 만5세 33 / 연령혼합반 37
A45: 하늘빛유치원 | B45: 유치원 | C45: 사립(사인) | D45: 금정구 | E45: 부산광역시 금정구 금강로 211 | G45: 051-583-0055 | H45: =유치원!N45 | I45: 만4세 72 / 만5세 78 / 연령혼합반 44
A46: 한신유치원 | B46: 유치원 | C46: 사립(사인) | D46: 금정구 | E46: 부산광역시 금정구 중앙대로1685번길 24 | G46: 051-512-0404 | H46: =유치원!N46
A47: 가동유치원 | B47: 유치원 | C47: 공립(단설) | D47: 기장군 | E47: 부산광역시 기장군 정관5로 100 | F47: http://school.busanedu.net/gadong-k | G47: 051-728-2430 | H47: =유치원!N47 | I47: 만3세 16 / 만4세 37 / 만5세 40 / 특수학급 1
A48: 교리초등학교병설유치원 | B48: 유치원 | C48: 공립(병설) | D48: 기장군 | E48: 부산광역시 기장군 기장읍 차성로 427 | F48: https://school.busanedu.net/gyori-k/main.do | G48: 051-720-0516 | H48: =유치원!N48 | I48: 만3세 3 / 만4세 14 / 만5세 15
A49: 기장초등학교병설유치원 | B49: 유치원 | C49: 공립(병설) | D49: 기장군 | E49: 부산광역시 기장군 읍내로 75 | F49: http://school.busanedu.net/gijang-k/main.do | G49: 051-720-8690 | H49: =유치원!N49 | I49: 만3세 10 / 만4세 10 / 만5세 17
A50: 내리초등학교병설유치원 | B50: 유치원 | C50: 공립(병설) | D50: 기장군 | E50: 부산광역시 기장군 기장읍 소정안길 50 | F50: http://school.busanedu.net/naeri-k | G50: 051-745-3100 | H50: =유치원!N50 | I50: 만5세 6 / 연령혼합반 8
A51: 녹원유치원 | B51: 유치원 | C51: 사립(사인) | D51: 기장군 | E51: 부산광역시 기장군 석산1길 69-1 | G51: 051-723-0001 | H51: =유치원!N51 | I51: 만5세 9 / 연령혼합반 8
A52: 달산유치원 | B52: 유치원 | C52: 공립(단설) | D52: 기장군 | E52: 부산광역시 기장군 정관로 674 | F52: http://school.busanedu.net/dalsan-k | G52: 0517281781 | H52: =유치원!N52 | I52: 만3세 22 / 만4세 22 / 만5세 45 / 특수학급 1
A53: 모전초등학교병설유치원 | B53: 유치원 | C53: 공립(병설) | D53: 기장군 | E53: 부산광역시 기장군 정관1로 17 | F53: https://school.busanedu.net/bsmojeon-k | G53: 051-720-6781 | H53: =유치원!N53 | I53: 만5세 14 / 연령혼합반 6
A54: 방곡유치원 | B54: 유치원 | C54: 공립(단설) | D54: 기장군 | E54: 부산광역시 기장군 정관덕산길 61 | F54: http://school.busanedu.net/kbanggok-k/main.do | G54: 051-780-7200 | H54: =유치원!N54 | I54: 만3세 11 / 만4세 22 / 만5세 39 / 특수학급 2
A55: 산새소리유치원 | B55: 유치원 | C55: 사립(사인) | D55: 기장군 | E55: 부산광역시 기장군 차성남로 1-4 | G55: 051-721-2612 | H55: =유치원!N55 | I55: 만3세 11 / 연령혼합반 22
A56: 세화유치원 | B56: 유치원 | C56: 사립(사인) | D56: 기장군 | E56: 부산광역시 기장군 기장대로 563 | F56: http://school.busanedu.net/sehwa-k/ | G56: 051-722-5060 | H56: =유치원!N56 | I56: 만3세 26 / 만5세 26 / 연령혼합반 52
A57: 숲속나라유치원 | B57: 유치원 | C57: 사립(사인) | D57: 기장군 | E57: 부산광역시 기장군 산막길 46-28 | F57: https://blog.naver.com/inthewoodkids | G57: 051-728-2821 | H57: =유치원!N57 | I57: 만3세 8 / 만4세 15 / 만5세 16
A58: 숲속원광유치원 | B58: 유치원 | C58: 사립(법인) | D58: 기장군 | E58: 부산광역시 기장군 곰내길 654-125 | G58: 727-3844 | H58: =유치원!N58
A59: 신진초등학교병설유치원 | B59: 유치원 | C59: 공립(병설) | D59: 기장군 | E59: 부산광역시 기장군 고촌로28번길 6 | F59: http://school.busanedu.net/sinjin-k | G59: 051-720-8517 | H59: =유치원!N59 | I59: 연령혼합반 9 / 특수학급 2
A60: 용암초등학교병설유치원 | B60: 유치원 | C60: 공립(병설) | D60: 기장군 | E60: 부산광역시 기장군 기장해안로 577 | G60: 051-721-1413 | H60: =유치원!N60
A61: 월내초등학교병설유치원 | B61: 유치원 | C61: 공립(병설) | D61: 기장군 | E61: 부산광역시 기장군 길천2길 25 | F61: http://wollae.es.kr/ | G61: 051-719-9771 | H61: =유치원!N61 | I61: 연령혼합반 2
A62: 월평초등학교병설유치원 | B62: 유치원 | C62: 공립(병설) | D62: 기장군 | E62: 부산광역시 기장군 월평1길 21 | F62: http://bswp.es.kr/ | G62: 051-508-8355 | H62: =유치원!N62 | I62: 연령혼합반 4
A63: 일광유치원 | B63: 유치원 | C63: 공립(단설) | D63: 기장군 | E63: 부산광역시 기장군 일광읍 해빛로 42 | F63: https://school.busanedu.net/ilgwang42-k/ | G63: 051-967-8800 | H63: =유치원!N63 | I63: 만3세 40 / 만4세 56 / 만5세 59 / 특수학급 4
A64: 장안초등학교병설유치원 | B64: 유치원 | C64: 공립(병설) | D64: 기장군 | E64: 부산광역시 기장군 장안로 67-4 | F64: http://jangancho.es.kr/ | G64: 051-720-1004 | H64: =유치원!N64 | I64: 연령혼합반 2
A65: 정관무지개유치원 | B65: 유치원 | C65: 사립(사인) | D65: 기장군 | E65: 부산광역시 기장군 정관5로 127 | G65: 051-728-2200 | H65: =유치원!N65 | I65: 만3세 52 / 만4세 48 / 만5세 51 / 연령혼합반 26
A66: 정관버클리유치원 | B66: 유치원 | C66: 사립(사인) | D66: 기장군 | E66: 부산광역시 기장군 정관상곡1길 34 | F66: http://school.busanedu.net/jgBerkeley-k | G66: 051-939-0007 | H66: =유치원!N66 | I66: 만3세 32 / 만4세 66 / 만5세 93 / 연령혼합반 18
A67: 정관아이숲유치원 | B67: 유치원 | C67: 사립(사인) | D67: 기장군 | E67: 부산광역시 기장군 병산로 24 | G67: 051-997-3355 | H67: =유치원!N67 | I67: 만3세 18 / 만4세 18 / 만5세 37
A68: 정관유치원 | B68: 유치원 | C68: 공립(단설) | D68: 기장군 | E68: 부산광역시 기장군 정관로 530 | F68: http://school.busanedu.net/jkschool-k | G68: 051-726-0102 | H68: =유치원!N68 | I68: 만3세 3 / 만4세 26 / 만5세 24 / 특수학급 3
A69: 정관피올라유치원 | B69: 유치원 | C69: 사립(사인) | D69: 기장군 | E69: 부산광역시 기장군 가동2길 5 | F69: http://school.busanedu.net/piola-k | G69: 051-728-6998 | H69: =유치원!N69
A70: 정원초등학교병설유치원 | B70: 유치원 | C70: 공립(병설) | D70: 기장군 | E70: 부산광역시 기장군 정관로 423 | F70: http://school.busanedu.net/jeongwon-k | G70: 051-750-9181 | H70: =유치원!N70 | I70: 연령혼합반 13
A71: 좌천초등학교병설유치원 | B71: 유치원 | C71: 공립(병설) | D71: 기장군 | E71: 부산광역시 기장군 좌천로 13-66 | F71: https://school.busanedu.net/jwacheon-k/main.do | G71: 051-720-4150 | H71: =유치원!N71 | I71: 연령혼합반 5
A72: 죽성초등학교병설유치원 | B72: 유치원 | C72: 공립(병설) | D72: 기장군 | E72: 부산광역시 기장군 죽성로 270 | F72: http://jukseong.es.kr/ | G72: 051-721-6461 | H72: =유치원!N72 | I72: 연령혼합반 2
A73: 철마초등학교병설유치원 | B73: 유치원 | C73: 공립(병설) | D73: 기장군 | E73: 부산광역시 기장군 철마로 493 | F73: http://school.busanedu.net/chulma-k/main.do | G73: 051-721-0631 | H73: =유치원!N73 | I73: 연령혼합반 5
A74: 칠암초등학교병설유치원 | B74: 유치원 | C74: 공립(병설) | D74: 기장군 | E74: 부산광역시 기장군 박영준길 19 | F74: http://www.chilam.es.kr | G74: 051-727-4467 | H74: =유치원!N74 | I74: 연령혼합반 2
A75: 큰별샘유치원 | B75: 유치원 | C75: 사립(사인) | D75: 기장군 | E75: 부산광역시 기장군 산막길 26-76 | G75: 051-953-3737 | H75: =유치원!N75
A76: 피터팬유치원 | B76: 유치원 | C76: 사립(사인) | D76: 기장군 | E76: 부산광역시 기장군 가동옛길 37 | G76: 051-728-1902 | H76: =유치원!N76 | I76: 만3세 111 / 만4세 144 / 만5세 130
A77: 한솔기장유치원 | B77: 유치원 | C77: 사립(사인) | D77: 기장군 | E77: 부산광역시 기장군 대청로45번길 6 | F77: https://school.busanedu.net/hansol-k | G77: 051-722-7489 | H77: =유치원!N77 | I77: 만4세 36 / 만5세 51
A78: 해누리유치원 | B78: 유치원 | C78: 공립(단설) | D78: 기장군 | E78: 부산광역시 기장군 용수로 109-33 | F78: http://school.busanedu.net/heanuri-k/main.do | G78: 051-982-7700 | H78: =유치원!N78 | I78: 만3세 9 / 만4세 25 / 만5세 25 / 특수학급 3
A79: 해빛유치원 | B79: 유치원 | C79: 공립(단설) | D79: 기장군 | E79: 부산광역시 기장군 해빛6로 17 | F79: http://school.busanedu.net/haebitkg-k/ | G79: 051-982-1400 | H79: =유치원!N79 | I79: 만3세 56 / 만4세 76 / 만5세 80
A80: 해빛초등학교병설유치원 | B80: 유치원 | C80: 공립(병설) | D80: 기장군 | E80: 부산광역시 기장군 해빛6로 9 | F80: http://school.busanedu.net/haebit-k | G80: 051-790-8382 | H80: =유치원!N80 | I80: 만5세 14 / 연령혼합반 17
A81: 행복엔젤유치원 | B81: 유치원 | C81: 사립(사인) | D81: 기장군 | E81: 부산광역시 기장군 차성서로 44 | G81: 051-502-4556 | H81: =유치원!N81 | I81: 만4세 23 / 만5세 14
A82: 효성유치원 | B82: 유치원 | C82: 사립(사인) | D82: 기장군 | E82: 부산광역시 기장군 차성로344번길 13 | G82: 051-722-0402 | H82: =유치원!N82 | I82: 만3세 26 / 만4세 26 / 만5세 26 / 연령혼합반 26
A83: LG메트로시티유치원 | B83: 유치원 | C83: 사립(사인) | D83: 남구 | E83: 부산광역시 남구 분포로 111 | F83: http://school.busanedu.net/lgmetrocity-k | G83: 051-612-7111 | H83: =유치원!N83 | I83: 만3세 78 / 만4세 52 / 만5세 77
A84: 계명유치원 | B84: 유치원 | C84: 사립(사인) | D84: 남구 | E84: 부산광역시 남구 동명로145번다길 18 | G84: 051-623-2637 | H84: =유치원!N84 | I84: 만3세 10 / 만4세 14 / 만5세 18
A85: 대연자연유치원 | B85: 유치원 | C85: 사립(사인) | D85: 남구 | E85: 부산광역시 남구 수영로 345 | G85: 051-894-6677 | H85: =유치원!N85 | I85: 만4세 96 / 만5세 100 / 연령혼합반 88
A86: 대천유치원 | B86: 유치원 | C86: 사립(사인) | D86: 남구 | E86: 부산광역시 남구 유엔평화로47번길 125 | G86: 051-627-5622 | H86: =유치원!N86 | I86: 만3세 33 / 만4세 34 / 만5세 29
A87: 롯데캐슬레전드유치원 | B87: 유치원 | C87: 사립(사인) | D87: 남구 | E87: 부산광역시 남구 수영로 135 | G87: 051-714-6757 | H87: =유치원!N87 | I87: 만4세 94 / 만5세 78 / 연령혼합반 66
A88: 마루유치원 | B88: 유치원 | C88: 사립(사인) | D88: 남구 | E88: 부산광역시 남구 용주로30번길 69 | G88: 051-714-7272 | H88: =유치원!N88 | I88: 만5세 52 / 연령혼합반 124
A89: 메트로자연유치원 | B89: 유치원 | C89: 사립(사인) | D89: 남구 | E89: 부산광역시 남구 분포로 113 | G89: 051-612-6677 | H89: =유치원!N89 | I89: 연령혼합반 156
A90: 명문글로벌유치원 | B90: 유치원 | C90: 사립(사인) | D90: 남구 | E90: 부산광역시 남구 진남로232번길 51 | G90: 051-636-0086 | H90: =유치원!N90 | I90: 연령혼합반 100
A91: 무지개유치원 | B91: 유치원 | C91: 사립(사인) | D91: 남구 | E91: 부산광역시 남구 못골번영로 72 | G91: 051-628-2878 | H91: =유치원!N91 | I91: 만3세 52 / 만4세 52 / 만5세 52
A92: 문현초등학교병설유치원 | B92: 유치원 | C92: 공립(병설) | D92: 남구 | E92: 부산광역시 남구 고동골로 86-13 | F92: http://moonhyun.es.kr/ | G92: 051-946-2122 | H92: =유치원!N92 | I92: 만3세 4 / 만4세 8 / 만5세 7 / 특수학급 2
A93: 백합유치원 | B93: 유치원 | C93: 사립(사인) | D93: 남구 | E93: 부산광역시 남구 석포로73번나길 13 | G93: 051-624-2980 | H93: =유치원!N93 | I93: 만3세 25 / 만4세 14 / 만5세 16
A94: 부산대연유치원 | B94: 유치원 | C94: 사립(사인) | D94: 남구 | E94: 부산광역시 남구 진남로165번길 4 | F94: https://school.busanedu.net/daeyeon-k | G94: 051-633-7755 | H94: =유치원!N94 | I94: 만4세 70 / 만5세 77 / 연령혼합반 60
A95: 새부산유치원 | B95: 유치원 | C95: 사립(사인) | D95: 남구 | E95: 부산광역시 남구 황령대로319번나길 14 | F95: http://home.saebusan.modukids.com | G95: 051-611-2277 | H95: =유치원!N95 | I95: 만3세 48 / 만4세 61 / 만5세 57 / 연령혼합반 33
A96: 색동유치원 | B96: 유치원 | C96: 사립(사인) | D96: 남구 | E96: 부산광역시 남구 유엔로120번가길 121 | G96: 051-647-6033 | H96: =유치원!N96 | I96: 만4세 69 / 만5세 52 / 연령혼합반 44
A97: 선화유치원 | B97: 유치원 | C97: 사립(사인) | D97: 남구 | E97: 부산광역시 남구 우암로2번길 5 | G97: 051-636-7886 | H97: =유치원!N97
A98: 성동초등학교병설유치원 | B98: 유치원 | C98: 공립(병설) | D98: 남구 | E98: 부산광역시 남구 전포대로68번길 27 | F98: http://school.busanedu.net/esungdong-k/main.do | G98: 051-950-1100 | H98: =유치원!N98 | I98: 만3세 11 / 만4세 14 / 만5세 21 / 특수학급 1
A99: 성신유치원 | B99: 유치원 | C99: 사립(법인) | D99: 남구 | E99: 부산광역시 남구 수영로49번길 5 | F99: http://school.busanedu.net/sungsin-k | G99: 051-647-5654 | H99: =유치원!N99 | I99: 만3세 14 / 만4세 16 / 만5세 21
A100: 솔유치원 | B100: 유치원 | C100: 사립(사인) | D100: 남구 | E100: 부산광역시 남구 용호로231번길 128 | F100: http://school.busanedu.net/sol-k | G100: 051-611-1955 | H100: =유치원!N100 | I100: 만3세 14 / 만4세 8 / 만5세 7
...

Sheet 유치원
A1: 원명 | B1: 구분 | C1: 설립유형 | D1: 구/군 | E1: 주소 | F1: 공식 홈페이지 | G1: 전화번호 | H1: 정원 | I1: 만3세 | J1: 만4세 | K1: 만5세 | L1: 연령혼합반 | M1: 특수학급 | N1: 현원 합계 | O1: 비고
A2: 가락초등학교병설유치원 | B2: 유치원 | C2: 공립(병설) | D2: 강서구 | E2: 부산광역시 강서구 호계로 41 | F2: http://school.busanedu.net/garak-k/main.do | G2: 051-971-8930 | N2: =IF(COUNT(I2:M2)=0,"",SUM(I2:M2)) | O2: 연령별 현원 미공시(휴원·신설 등)
A3: 강서유치원 | B3: 유치원 | C3: 공립(단설) | D3: 강서구 | E3: 부산광역시 강서구 에코델타4로 93 | F3: https://school.busanedu.net/gangseo-k | G3: 051-911-2004 | H3: 273 | I3: 98 | J3: 94 | K3: 81 | L3: 0 | M3: 1 | N3: =IF(COUNT(I3:M3)=0,"",SUM(I3:M3))
A4: 기린유치원 | B4: 유치원 | C4: 사립(사인) | D4: 강서구 | E4: 부산광역시 강서구 과학산단로334번다길 59 | F4: https://school.busanedu.net/girin-k/ | G4: 051-941-7741 | H4: 231 | I4: 26 | J4: 13 | K4: 26 | L4: 12 | M4: 0 | N4: =IF(COUNT(I4:M4)=0,"",SUM(I4:M4))
A5: 남명유치원 | B5: 유치원 | C5: 공립(단설) | D5: 강서구 | E5: 부산광역시 강서구 명지오션시티11로 132 | F5: http://school.busanedu.net/nammyeong-k | G5: 051-271-7667 | H5: 106 | I5: 27 | J5: 37 | K5: 25 | L5: 0 | M5: 2 | N5: =IF(COUNT(I5:M5)=0,"",SUM(I5:M5))
A6: 녹산유치원 | B6: 유치원 | C6: 공립(단설) | D6: 강서구 | E6: 부산광역시 강서구 과학산단2로20번길 55 | F6: http://school.busanedu.net/noksan-k/ | G6: 051-790-2100 | H6: 126 | I6: 23 | J6: 36 | K6: 49 | L6: 0 | M6: 2 | N6: =IF(COUNT(I6:M6)=0,"",SUM(I6:M6))
A7: 대저유치원 | B7: 유치원 | C7: 사립(사인) | D7: 강서구 | E7: 부산광역시 강서구 공항로767번나길 7 | F7: https://school.busanedu.net/Daejeo-k | G7: 051-973-4026 | H7: 155 | I7: 32 | J7: 22 | K7: 32 | L7: 20 | M7: 0 | N7: =IF(COUNT(I7:M7)=0,"",SUM(I7:M7))
A8: 명원초등학교병설유치원 | B8: 유치원 | C8: 공립(병설) | D8: 강서구 | E8: 부산광역시 강서구 명지국제6로 147 | F8: http://school.busanedu.net/myoungwon-k | G8: 051-250-3400 | H8: 72 | I8: 14 | J8: 24 | K8: 20 | L8: 0 | M8: 0 | N8: =IF(COUNT(I8:M8)=0,"",SUM(I8:M8))
A9: 명일유치원 | B9: 유치원 | C9: 공립(단설) | D9: 강서구 | E9: 부산광역시 강서구 명지국제5로 170-5 | F9: https://school.busanedu.net/myeong1-k | G9: 051-290-3400 | H9: 106 | I9: 27 | J9: 31 | K9: 38 | L9: 0 | M9: 4 | N9: =IF(COUNT(I9:M9)=0,"",SUM(I9:M9))
A10: 명지가온유치원 | B10: 유치원 | C10: 공립(단설) | D10: 강서구 | E10: 부산광역시 강서구 명지오션시티6로 69 | F10: https://school.busanedu.net/myeongjigaon-k/main.do | G10: 051-609-1500 | H10: 371 | I10: 98 | J10: 127 | K10: 134 | L10: 0 | M10: 9 | N10: =IF(COUNT(I10:M10)=0,"",SUM(I10:M10))
A11: 명지국제유치원 | B11: 유치원 | C11: 사립(사인) | D11: 강서구 | E11: 부산광역시 강서구 명지국제7로 186 | G11: 051-293-7722 | H11: 496 | I11: 48 | J11: 162 | K11: 77 | L11: 162 | M11: 0 | N11: =IF(COUNT(I11:M11)=0,"",SUM(I11:M11))
A12: 명지꿈자람유치원 | B12: 유치원 | C12: 공립(단설) | D12: 강서구 | E12: 부산광역시 강서구 명지국제8로 199 | F12: https://school.busanedu.net/myungjidream-k/main.do | G12: 051-609-1900 | H12: 212 | I12: 56 | J12: 76 | K12: 79 | L12: 0 | M12: 0 | N12: =IF(COUNT(I12:M12)=0,"",SUM(I12:M12))
A13: 명지배화유치원 | B13: 유치원 | C13: 사립(사인) | D13: 강서구 | E13: 부산광역시 강서구 영강길 165 | F13: https://school.busanedu.net/mjbaewha-k | G13: 051-714-1902 | H13: 306 | I13: 64 | J13: 96 | K13: 104 | L13: 0 | M13: 0 | N13: =IF(COUNT(I13:M13)=0,"",SUM(I13:M13))
A14: 명지센텀유치원 | B14: 유치원 | C14: 사립(사인) | D14: 강서구 | E14: 부산광역시 강서구 명지오션시티9로 53 | G14: 051-714-2000 | H14: 318 | I14: 0 | J14: 0 | K14: 0 | L14: 314 | M14: 0 | N14: =IF(COUNT(I14:M14)=0,"",SUM(I14:M14))
A15: 명지유치원 | B15: 유치원 | C15: 공립(단설) | D15: 강서구 | E15: 부산광역시 강서구 명지국제6로 296 | F15: http://school.busanedu.net/myungji-k/main.do | G15: 051-203-4890 | H15: 87 | I15: 28 | J15: 18 | K15: 38 | L15: 0 | M15: 3 | N15: =IF(COUNT(I15:M15)=0,"",SUM(I15:M15))
A16: 명지자연유치원 | B16: 유치원 | C16: 사립(사인) | D16: 강서구 | E16: 부산광역시 강서구 신호산단1로140번길 16-3 | G16: 051-893-6677 | H16: 568 | I16: 48 | J16: 58 | K16: 76 | L16: 0 | M16: 0 | N16: =IF(COUNT(I16:M16)=0,"",SUM(I16:M16))
A17: 명호초등학교병설유치원 | B17: 유치원 | C17: 공립(병설) | D17: 강서구 | E17: 부산광역시 강서구 명지오션시티2로 41 | F17: http://school.busanedu.net/myungho-k/main.do | G17: 051-220-1190 | H17: 37 | I17: 0 | J17: 0 | K17: 13 | L17: 10 | M17: 0 | N17: =IF(COUNT(I17:M17)=0,"",SUM(I17:M17))
A18: 보광유치원 | B18: 유치원 | C18: 사립(사인) | D18: 강서구 | E18: 부산광역시 강서구 공항진입로 28 | F18: http://school.busanedu.net/BoGwang-k | G18: 0519732242 | H18: 242 | I18: 48 | J18: 60 | K18: 63 | L18: 22 | M18: 0 | N18: =IF(COUNT(I18:M18)=0,"",SUM(I18:M18))
A19: 새결유치원 | B19: 유치원 | C19: 공립(단설) | D19: 강서구 | E19: 부산광역시 강서구 에코평강길 91 | F19: https://school.busanedu.net/saegyeol-k/main.do | G19: 051-832-0175 | H19: 116 | I19: 30 | J19: 30 | K19: 26 | L19: 0 | M19: 11 | N19: =IF(COUNT(I19:M19)=0,"",SUM(I19:M19))
A20: 송정유치원 | B20: 유치원 | C20: 공립(단설) | D20: 강서구 | E20: 부산광역시 강서구 신호사로 10 | F20: http://school.busanedu.net/sjkids-k | G20: 051-832-1390 | H20: 106 | I20: 18 | J20: 29 | K20: 27 | L20: 0 | M20: 4 | N20: =IF(COUNT(I20:M20)=0,"",SUM(I20:M20))
A21: 신명유치원 | B21: 유치원 | C21: 공립(단설) | D21: 강서구 | E21: 부산광역시 강서구 명지국제7로 178 | F21: http://school.busanedu.net/smkids-k/main.do | G21: 051-293-6622 | H21: 86 | I21: 28 | J21: 34 | K21: 17 | L21: 0 | M21: 4 | N21: =IF(COUNT(I21:M21)=0,"",SUM(I21:M21))
A22: 신호초등학교병설유치원 | B22: 유치원 | C22: 공립(병설) | D22: 강서구 | E22: 부산광역시 강서구 신호이로75번길 12 | F22: http://school.busanedu.net/shinho-k/main.do | G22: 051-974-6870 | H22: 37 | I22: 0 | J22: 0 | K22: 8 | L22: 9 | M22: 0 | N22: =IF(COUNT(I22:M22)=0,"",SUM(I22:M22))
A23: 여울유치원 | B23: 유치원 | C23: 공립(단설) | D23: 강서구 | E23: 부산광역시 강서구 에코델타2로 13 | F23: https://school.busanedu.net/yeoul-k/main.do | G23: 051-709-1100 | H23: 265 | I23: 70 | J23: 89 | K23: 98 | L23: 0 | M23: 8 | N23: =IF(COUNT(I23:M23)=0,"",SUM(I23:M23))
A24: 오션유치원 | B24: 유치원 | C24: 공립(단설) | D24: 강서구 | E24: 부산광역시 강서구 명지오션시티6로 72 | F24: http://school.busanedu.net/oceankids-k/main.do | G24: 051-201-5413 | H24: 140 | I24: 39 | J24: 37 | K24: 59 | L24: 0 | M24: 3 | N24: =IF(COUNT(I24:M24)=0,"",SUM(I24:M24))
A25: 천가초등학교병설유치원 | B25: 유치원 | C25: 공립(병설) | D25: 강서구 | E25: 부산광역시 강서구 동선길 135 | F25: https://school.busanedu.net/chunga-k | G25: 051-972-7770 | H25: 17 | I25: 0 | J25: 0 | K25: 0 | L25: 2 | M25: 0 | N25: =IF(COUNT(I25:M25)=0,"",SUM(I25:M25))
A26: 구서초등학교병설유치원 | B26: 유치원 | C26: 공립(병설) | D26: 금정구 | E26: 부산광역시 금정구 구서중앙로 35 | F26: http://school.busanedu.net/kuseo-k/ | G26: 051-996-4815 | H26: 53 | I26: 4 | J26: 14 | K26: 17 | L26: 0 | M26: 0 | N26: =IF(COUNT(I26:M26)=0,"",SUM(I26:M26))
A27: 금사초등학교병설유치원 | B27: 유치원 | C27: 공립(병설) | D27: 금정구 | E27: 부산광역시 금정구 금사로57번길 24 | F27: http://school.busanedu.net/kumsa-k | G27: 051-525-3134 | H27: 37 | I27: 0 | J27: 0 | K27: 5 | L27: 11 | M27: 6 | N27: =IF(COUNT(I27:M27)=0,"",SUM(I27:M27))
A28: 금샘누리유치원 | B28: 유치원 | C28: 공립(단설) | D28: 금정구 | E28: 부산광역시 금정구 금샘로 525 | F28: https://school.busanedu.net/geumsaem-k | G28: 051-968-9300 | H28: 92 | I28: 11 | J28: 27 | K28: 25 | L28: 0 | M28: 7 | N28: =IF(COUNT(I28:M28)=0,"",SUM(I28:M28))
A29: 금정유치원 | B29: 유치원 | C29: 공립(단설) | D29: 금정구 | E29: 부산광역시 금정구 식물원로44번길 46 | F29: http://school.busanedu.net/guemjung-k | G29: 051-581-5488 | H29: 126 | I29: 28 | J29: 36 | K29: 54 | L29: 0 | M29: 4 | N29: =IF(COUNT(I29:M29)=0,"",SUM(I29:M29))
A30: 꾸미랑유치원 | B30: 유치원 | C30: 사립(사인) | D30: 금정구 | E30: 부산광역시 금정구 서동로34번길 25 | G30: 051-581-2396 | H30: 100 | I30: 23 | J30: 23 | K30: 13 | L30: 0 | M30: 0 | N30: =IF(COUNT(I30:M30)=0,"",SUM(I30:M30))
A31: 대우유치원 | B31: 유치원 | C31: 사립(사인) | D31: 금정구 | E31: 부산광역시 금정구 부산대학로 10 | F31: http://school.busanedu.net/deawu-k | G31: 051-513-2888 | H31: 82 | I31: 0 | J31: 23 | K31: 25 | L31: 17 | M31: 0 | N31: =IF(COUNT(I31:M31)=0,"",SUM(I31:M31))
A32: 동래초등학교부속유치원 | B32: 유치원 | C32: 사립(법인) | D32: 금정구 | E32: 부산광역시 금정구 체육공원로44번길 26 | F32: https://school.busanedu.net/dongraekg-k/main.do | G32: 051-515-2689 | H32: 172 | I32: 48 | J32: 48 | K32: 50 | L32: 0 | M32: 0 | N32: =IF(COUNT(I32:M32)=0,"",SUM(I32:M32))
A33: 동백유치원 | B33: 유치원 | C33: 사립(사인) | D33: 금정구 | E33: 부산광역시 금정구 수림로50번길 47 | F33: http://www.cafe.daum.net/db0610 | G33: 051-581-0610 | H33: 174 | I33: 0 | J33: 24 | K33: 50 | L33: 87 | M33: 0 | N33: =IF(COUNT(I33:M33)=0,"",SUM(I33:M33))
A34: 둥지유치원 | B34: 유치원 | C34: 사립(사인) | D34: 금정구 | E34: 부산광역시 금정구 서동로103번길 78 | G34: 051-523-0365 | N34: =IF(COUNT(I34:M34)=0,"",SUM(I34:M34)) | O34: 연령별 현원 미공시(휴원·신설 등)
A35: 미래자연유치원 | B35: 유치원 | C35: 사립(사인) | D35: 금정구 | E35: 부산광역시 금정구 청룡로61번길 34 | G35: 051-517-6786 | N35: =IF(COUNT(I35:M35)=0,"",SUM(I35:M35)) | O35: 연령별 현원 미공시(휴원·신설 등)
A36: 삼광사부설광명유치원 | B36: 유치원 | C36: 사립(법인) | D36: 금정구 | E36: 부산광역시 금정구 금샘로 51 | F36: http://school.busanedu.net/kwangmyoung-k | G36: 051-512-4112 | H36: 400 | I36: 78 | J36: 78 | K36: 91 | L36: 0 | M36: 0 | N36: =IF(COUNT(I36:M36)=0,"",SUM(I36:M36))
A37: 서명초등학교병설유치원 | B37: 유치원 | C37: 공립(병설) | D37: 금정구 | E37: 부산광역시 금정구 명서로 48 | F37: http://school.busanedu.net/seomyeong-k | G37: 051-526-1670 | H37: 53 | I37: 6 | J37: 12 | K37: 8 | L37: 0 | M37: 4 | N37: =IF(COUNT(I37:M37)=0,"",SUM(I37:M37))
A38: 소심유치원 | B38: 유치원 | C38: 사립(사인) | D38: 금정구 | E38: 부산광역시 금정구 동현로 76 | F38: http://school.busanedu.net/sosim-k | G38: 051-512-5617 | H38: 198 | I38: 48 | J38: 65 | K38: 47 | L38: 0 | M38: 0 | N38: =IF(COUNT(I38:M38)=0,"",SUM(I38:M38))
A39: 아람유치원 | B39: 유치원 | C39: 사립(사인) | D39: 금정구 | E39: 부산광역시 금정구 두실로15번길 52-13 | G39: 051-512-3111 | H39: 174 | I39: 0 | J39: 46 | K39: 44 | L39: 44 | M39: 0 | N39: =IF(COUNT(I39:M39)=0,"",SUM(I39:M39))
A40: 아인유치원 | B40: 유치원 | C40: 사립(사인) | D40: 금정구 | E40: 부산광역시 금정구 금정도서관로 5-4 | F40: https://school.busanedu.net/ain-k/main.do | G40: 051-508-0004 | H40: 194 | I40: 0 | J40: 48 | K40: 49 | L40: 68 | M40: 0 | N40: =IF(COUNT(I40:M40)=0,"",SUM(I40:M40))
A41: 청룡초등학교병설유치원 | B41: 유치원 | C41: 공립(병설) | D41: 금정구 | E41: 부산광역시 금정구 팔송로 6 | F41: http://school.busanedu.net/cheongryong-k/ | G41: 051-580-9370 | H41: 37 | I41: 0 | J41: 0 | K41: 8 | L41: 5 | M41: 0 | N41: =IF(COUNT(I41:M41)=0,"",SUM(I41:M41))
A42: 트니트니유치원 | B42: 유치원 | C42: 사립(사인) | D42: 금정구 | E42: 부산광역시 금정구 중앙대로1667번길 10 | F42: http://cafe.daum.net/tntnhappy | G42: 051-517-2650 | H42: 60 | I42: 0 | J42: 0 | K42: 0 | L42: 47 | M42: 0 | N42: =IF(COUNT(I42:M42)=0,"",SUM(I42:M42))
A43: 파랑새유치원 | B43: 유치원 | C43: 사립(사인) | D43: 금정구 | E43: 부산광역시 금정구 금샘로420번길 15 | F43: http://parangsae.or.kr | G43: 051-516-3566 | H43: 150 | I43: 0 | J43: 18 | K43: 26 | L43: 20 | M43: 0 | N43: =IF(COUNT(I43:M43)=0,"",SUM(I43:M43))
A44: 하나유치원 | B44: 유치원 | C44: 사립(사인) | D44: 금정구 | E44: 부산광역시 금정구 동현로 106 | F44: http://cafe.naver.com/hanakids9792 | G44: 051-581-9792 | H44: 148 | I44: 0 | J44: 41 | K44: 33 | L44: 37 | M44: 0 | N44: =IF(COUNT(I44:M44)=0,"",SUM(I44:M44))
A45: 하늘빛유치원 | B45: 유치원 | C45: 사립(사인) | D45: 금정구 | E45: 부산광역시 금정구 금강로 211 | G45: 051-583-0055 | H45: 194 | I45: 0 | J45: 72 | K45: 78 | L45: 44 | M45: 0 | N45: =IF(COUNT(I45:M45)=0,"",SUM(I45:M45))
A46: 한신유치원 | B46: 유치원 | C46: 사립(사인) | D46: 금정구 | E46: 부산광역시 금정구 중앙대로1685번길 24 | G46: 051-512-0404 | N46: =IF(COUNT(I46:M46)=0,"",SUM(I46:M46)) | O46: 연령별 현원 미공시(휴원·신설 등)
A47: 가동유치원 | B47: 유치원 | C47: 공립(단설) | D47: 기장군 | E47: 부산광역시 기장군 정관5로 100 | F47: http://school.busanedu.net/gadong-k | G47: 051-728-2430 | H47: 145 | I47: 16 | J47: 37 | K47: 40 | L47: 0 | M47: 1 | N47: =IF(COUNT(I47:M47)=0,"",SUM(I47:M47))
A48: 교리초등학교병설유치원 | B48: 유치원 | C48: 공립(병설) | D48: 기장군 | E48: 부산광역시 기장군 기장읍 차성로 427 | F48: https://school.busanedu.net/gyori-k/main.do | G48: 051-720-0516 | H48: 53 | I48: 3 | J48: 14 | K48: 15 | L48: 0 | M48: 0 | N48: =IF(COUNT(I48:M48)=0,"",SUM(I48:M48))
A49: 기장초등학교병설유치원 | B49: 유치원 | C49: 공립(병설) | D49: 기장군 | E49: 부산광역시 기장군 읍내로 75 | F49: http://school.busanedu.net/gijang-k/main.do | G49: 051-720-8690 | H49: 53 | I49: 10 | J49: 10 | K49: 17 | L49: 0 | M49: 0 | N49: =IF(COUNT(I49:M49)=0,"",SUM(I49:M49))
A50: 내리초등학교병설유치원 | B50: 유치원 | C50: 공립(병설) | D50: 기장군 | E50: 부산광역시 기장군 기장읍 소정안길 50 | F50: http://school.busanedu.net/naeri-k | G50: 051-745-3100 | H50: 37 | I50: 0 | J50: 0 | K50: 6 | L50: 8 | M50: 0 | N50: =IF(COUNT(I50:M50)=0,"",SUM(I50:M50))
A51: 녹원유치원 | B51: 유치원 | C51: 사립(사인) | D51: 기장군 | E51: 부산광역시 기장군 석산1길 69-1 | G51: 051-723-0001 | H51: 88 | I51: 0 | J51: 0 | K51: 9 | L51: 8 | M51: 0 | N51: =IF(COUNT(I51:M51)=0,"",SUM(I51:M51))
A52: 달산유치원 | B52: 유치원 | C52: 공립(단설) | D52: 기장군 | E52: 부산광역시 기장군 정관로 674 | F52: http://school.busanedu.net/dalsan-k | G52: 0517281781 | H52: 126 | I52: 22 | J52: 22 | K52: 45 | L52: 0 | M52: 1 | N52: =IF(COUNT(I52:M52)=0,"",SUM(I52:M52))
A53: 모전초등학교병설유치원 | B53: 유치원 | C53: 공립(병설) | D53: 기장군 | E53: 부산광역시 기장군 정관1로 17 | F53: https://school.busanedu.net/bsmojeon-k | G53: 051-720-6781 | H53: 37 | I53: 0 | J53: 0 | K53: 14 | L53: 6 | M53: 0 | N53: =IF(COUNT(I53:M53)=0,"",SUM(I53:M53))
A54: 방곡유치원 | B54: 유치원 | C54: 공립(단설) | D54: 기장군 | E54: 부산광역시 기장군 정관덕산길 61 | F54: http://school.busanedu.net/kbanggok-k/main.do | G54: 051-780-7200 | H54: 92 | I54: 11 | J54: 22 | K54: 39 | L54: 0 | M54: 2 | N54: =IF(COUNT(I54:M54)=0,"",SUM(I54:M54))
A55: 산새소리유치원 | B55: 유치원 | C55: 사립(사인) | D55: 기장군 | E55: 부산광역시 기장군 차성남로 1-4 | G55: 051-721-2612 | H55: 44 | I55: 11 | J55: 0 | K55: 0 | L55: 22 | M55: 0 | N55: =IF(COUNT(I55:M55)=0,"",SUM(I55:M55))
A56: 세화유치원 | B56: 유치원 | C56: 사립(사인) | D56: 기장군 | E56: 부산광역시 기장군 기장대로 563 | F56: http://school.busanedu.net/sehwa-k/ | G56: 051-722-5060 | H56: 120 | I56: 26 | J56: 0 | K56: 26 | L56: 52 | M56: 0 | N56: =IF(COUNT(I56:M56)=0,"",SUM(I56:M56))
A57: 숲속나라유치원 | B57: 유치원 | C57: 사립(사인) | D57: 기장군 | E57: 부산광역시 기장군 산막길 46-28 | F57: https://blog.naver.com/inthewoodkids | G57: 051-728-2821 | H57: 82 | I57: 8 | J57: 15 | K57: 16 | L57: 0 | M57: 0 | N57: =IF(COUNT(I57:M57)=0,"",SUM(I57:M57))
A58: 숲속원광유치원 | B58: 유치원 | C58: 사립(법인) | D58: 기장군 | E58: 부산광역시 기장군 곰내길 654-125 | G58: 727-3844 | N58: =IF(COUNT(I58:M58)=0,"",SUM(I58:M58)) | O58: 연령별 현원 미공시(휴원·신설 등)
A59: 신진초등학교병설유치원 | B59: 유치원 | C59: 공립(병설) | D59: 기장군 | E59: 부산광역시 기장군 고촌로28번길 6 | F59: http://school.busanedu.net/sinjin-k | G59: 051-720-8517 | H59: 17 | I59: 0 | J59: 0 | K59: 0 | L59: 9 | M59: 2 | N59: =IF(COUNT(I59:M59)=0,"",SUM(I59:M59))
A60: 용암초등학교병설유치원 | B60: 유치원 | C60: 공립(병설) | D60: 기장군 | E60: 부산광역시 기장군 기장해안로 577 | G60: 051-721-1413 | N60: =IF(COUNT(I60:M60)=0,"",SUM(I60:M60)) | O60: 연령별 현원 미공시(휴원·신설 등)
A61: 월내초등학교병설유치원 | B61: 유치원 | C61: 공립(병설) | D61: 기장군 | E61: 부산광역시 기장군 길천2길 25 | F61: http://wollae.es.kr/ | G61: 051-719-9771 | H61: 17 | I61: 0 | J61: 0 | K61: 0 | L61: 2 | M61: 0 | N61: =IF(COUNT(I61:M61)=0,"",SUM(I61:M61))
A62: 월평초등학교병설유치원 | B62: 유치원 | C62: 공립(병설) | D62: 기장군 | E62: 부산광역시 기장군 월평1길 21 | F62: http://bswp.es.kr/ | G62: 051-508-8355 | H62: 17 | I62: 0 | J62: 0 | K62: 0 | L62: 4 | M62: 0 | N62: =IF(COUNT(I62:M62)=0,"",SUM(I62:M62))
A63: 일광유치원 | B63: 유치원 | C63: 공립(단설) | D63: 기장군 | E63: 부산광역시 기장군 일광읍 해빛로 42 | F63: https://school.busanedu.net/ilgwang42-k/ | G63: 051-967-8800 | H63: 159 | I63: 40 | J63: 56 | K63: 59 | L63: 0 | M63: 4 | N63: =IF(COUNT(I63:M63)=0,"",SUM(I63:M63))
A64: 장안초등학교병설유치원 | B64: 유치원 | C64: 공립(병설) | D64: 기장군 | E64: 부산광역시 기장군 장안로 67-4 | F64: http://jangancho.es.kr/ | G64: 051-720-1004 | H64: 17 | I64: 0 | J64: 0 | K64: 0 | L64: 2 | M64: 0 | N64: =IF(COUNT(I64:M64)=0,"",SUM(I64:M64))
A65: 정관무지개유치원 | B65: 유치원 | C65: 사립(사인) | D65: 기장군 | E65: 부산광역시 기장군 정관5로 127 | G65: 051-728-2200 | H65: 406 | I65: 52 | J65: 48 | K65: 51 | L65: 26 | M65: 0 | N65: =IF(COUNT(I65:M65)=0,"",SUM(I65:M65))
A66: 정관버클리유치원 | B66: 유치원 | C66: 사립(사인) | D66: 기장군 | E66: 부산광역시 기장군 정관상곡1길 34 | F66: http://school.busanedu.net/jgBerkeley-k | G66: 051-939-0007 | H66: 504 | I66: 32 | J66: 66 | K66: 93 | L66: 18 | M66: 0 | N66: =IF(COUNT(I66:M66)=0,"",SUM(I66:M66))
A67: 정관아이숲유치원 | B67: 유치원 | C67: 사립(사인) | D67: 기장군 | E67: 부산광역시 기장군 병산로 24 | G67: 051-997-3355 | H67: 162 | I67: 18 | J67: 18 | K67: 37 | L67: 0 | M67: 0 | N67: =IF(COUNT(I67:M67)=0,"",SUM(I67:M67))
A68: 정관유치원 | B68: 유치원 | C68: 공립(단설) | D68: 기장군 | E68: 부산광역시 기장군 정관로 530 | F68: http://school.busanedu.net/jkschool-k | G68: 051-726-0102 | H68: 92 | I68: 3 | J68: 26 | K68: 24 | L68: 0 | M68: 3 | N68: =IF(COUNT(I68:M68)=0,"",SUM(I68:M68))
A69: 정관피올라유치원 | B69: 유치원 | C69: 사립(사인) | D69: 기장군 | E69: 부산광역시 기장군 가동2길 5 | F69: http://school.busanedu.net/piola-k | G69: 051-728-6998 | N69: =IF(COUNT(I69:M69)=0,"",SUM(I69:M69)) | O69: 연령별 현원 미공시(휴원·신설 등)
A70: 정원초등학교병설유치원 | B70: 유치원 | C70: 공립(병설) | D70: 기장군 | E70: 부산광역시 기장군 정관로 423 | F70: http://school.busanedu.net/jeongwon-k | G70: 051-750-9181 | H70: 17 | I70: 0 | J70: 0 | K70: 0 | L70: 13 | M70: 0 | N70: =IF(COUNT(I70:M70)=0,"",SUM(I70:M70))
A71: 좌천초등학교병설유치원 | B71: 유치원 | C71: 공립(병설) | D71: 기장군 | E71: 부산광역시 기장군 좌천로 13-66 | F71: https://school.busanedu.net/jwacheon-k/main.do | G71: 051-720-4150 | H71: 17 | I71: 0 | J71: 0 | K71: 0 | L71: 5 | M71: 0 | N71: =IF(COUNT(I71:M71)=0,"",SUM(I71:M71))
A72: 죽성초등학교병설유치원 | B72: 유치원 | C72: 공립(병설) | D72: 기장군 | E72: 부산광역시 기장군 죽성로 270 | F72: http://jukseong.es.kr/ | G72: 051-721-6461 | H72: 17 | I72: 0 | J72: 0 | K72: 0 | L72: 2 | M72: 0 | N72: =IF(COUNT(I72:M72)=0,"",SUM(I72:M72))
A73: 철마초등학교병설유치원 | B73: 유치원 | C73: 공립(병설) | D73: 기장군 | E73: 부산광역시 기장군 철마로 493 | F73: http://school.busanedu.net/chulma-k/main.do | G73: 051-721-0631 | H73: 17 | I73: 0 | J73: 0 | K73: 0 | L73: 5 | M73: 0 | N73: =IF(COUNT(I73:M73)=0,"",SUM(I73:M73))
A74: 칠암초등학교병설유치원 | B74: 유치원 | C74: 공립(병설) | D74: 기장군 | E74: 부산광역시 기장군 박영준길 19 | F74: http://www.chilam.es.kr | G74: 051-727-4467 | H74: 17 | I74: 0 | J74: 0 | K74: 0 | L74: 2 | M74: 0 | N74: =IF(COUNT(I74:M74)=0,"",SUM(I74:M74))
A75: 큰별샘유치원 | B75: 유치원 | C75: 사립(사인) | D75: 기장군 | E75: 부산광역시 기장군 산막길 26-76 | G75: 051-953-3737 | N75: =IF(COUNT(I75:M75)=0,"",SUM(I75:M75)) | O75: 연령별 현원 미공시(휴원·신설 등)
A76: 피터팬유치원 | B76: 유치원 | C76: 사립(사인) | D76: 기장군 | E76: 부산광역시 기장군 가동옛길 37 | G76: 051-728-1902 | H76: 490 | I76: 111 | J76: 144 | K76: 130 | L76: 0 | M76: 0 | N76: =IF(COUNT(I76:M76)=0,"",SUM(I76:M76))
A77: 한솔기장유치원 | B77: 유치원 | C77: 사립(사인) | D77: 기장군 | E77: 부산광역시 기장군 대청로45번길 6 | F77: https://school.busanedu.net/hansol-k | G77: 051-722-7489 | H77: 130 | I77: 0 | J77: 36 | K77: 51 | L77: 0 | M77: 0 | N77: =IF(COUNT(I77:M77)=0,"",SUM(I77:M77))
A78: 해누리유치원 | B78: 유치원 | C78: 공립(단설) | D78: 기장군 | E78: 부산광역시 기장군 용수로 109-33 | F78: http://school.busanedu.net/heanuri-k/main.do | G78: 051-982-7700 | H78: 92 | I78: 9 | J78: 25 | K78: 25 | L78: 0 | M78: 3 | N78: =IF(COUNT(I78:M78)=0,"",SUM(I78:M78))
A79: 해빛유치원 | B79: 유치원 | C79: 공립(단설) | D79: 기장군 | E79: 부산광역시 기장군 해빛6로 17 | F79: http://school.busanedu.net/haebitkg-k/ | G79: 051-982-1400 | H79: 212 | I79: 56 | J79: 76 | K79: 80 | L79: 0 | M79: 0 | N79: =IF(COUNT(I79:M79)=0,"",SUM(I79:M79))
A80: 해빛초등학교병설유치원 | B80: 유치원 | C80: 공립(병설) | D80: 기장군 | E80: 부산광역시 기장군 해빛6로 9 | F80: http://school.busanedu.net/haebit-k | G80: 051-790-8382 | H80: 37 | I80: 0 | J80: 0 | K80: 14 | L80: 17 | M80: 0 | N80: =IF(COUNT(I80:M80)=0,"",SUM(I80:M80))
A81: 행복엔젤유치원 | B81: 유치원 | C81: 사립(사인) | D81: 기장군 | E81: 부산광역시 기장군 차성서로 44 | G81: 051-502-4556 | H81: 48 | I81: 0 | J81: 23 | K81: 14 | L81: 0 | M81: 0 | N81: =IF(COUNT(I81:M81)=0,"",SUM(I81:M81))
A82: 효성유치원 | B82: 유치원 | C82: 사립(사인) | D82: 기장군 | E82: 부산광역시 기장군 차성로344번길 13 | G82: 051-722-0402 | H82: 140 | I82: 26 | J82: 26 | K82: 26 | L82: 26 | M82: 0 | N82: =IF(COUNT(I82:M82)=0,"",SUM(I82:M82))
A83: LG메트로시티유치원 | B83: 유치원 | C83: 사립(사인) | D83: 남구 | E83: 부산광역시 남구 분포로 111 | F83: http://school.busanedu.net/lgmetrocity-k | G83: 051-612-7111 | H83: 280 | I83: 78 | J83: 52 | K83: 77 | L83: 0 | M83: 0 | N83: =IF(COUNT(I83:M83)=0,"",SUM(I83:M83))
A84: 계명유치원 | B84: 유치원 | C84: 사립(사인) | D84: 남구 | E84: 부산광역시 남구 동명로145번다길 18 | G84: 051-623-2637 | H84: 226 | I84: 10 | J84: 14 | K84: 18 | L84: 0 | M84: 0 | N84: =IF(COUNT(I84:M84)=0,"",SUM(I84:M84))
A85: 대연자연유치원 | B85: 유치원 | C85: 사립(사인) | D85: 남구 | E85: 부산광역시 남구 수영로 345 | G85: 051-894-6677 | H85: 298 | I85: 0 | J85: 96 | K85: 100 | L85: 88 | M85: 0 | N85: =IF(COUNT(I85:M85)=0,"",SUM(I85:M85))
A86: 대천유치원 | B86: 유치원 | C86: 사립(사인) | D86: 남구 | E86: 부산광역시 남구 유엔평화로47번길 125 | G86: 051-627-5622 | H86: 174 | I86: 33 | J86: 34 | K86: 29 | L86: 0 | M86: 0 | N86: =IF(COUNT(I86:M86)=0,"",SUM(I86:M86))
A87: 롯데캐슬레전드유치원 | B87: 유치원 | C87: 사립(사인) | D87: 남구 | E87: 부산광역시 남구 수영로 135 | G87: 051-714-6757 | H87: 252 | I87: 0 | J87: 94 | K87: 78 | L87: 66 | M87: 0 | N87: =IF(COUNT(I87:M87)=0,"",SUM(I87:M87))
A88: 마루유치원 | B88: 유치원 | C88: 사립(사인) | D88: 남구 | E88: 부산광역시 남구 용주로30번길 69 | G88: 051-714-7272 | H88: 184 | I88: 0 | J88: 0 | K88: 52 | L88: 124 | M88: 0 | N88: =IF(COUNT(I88:M88)=0,"",SUM(I88:M88))
A89: 메트로자연유치원 | B89: 유치원 | C89: 사립(사인) | D89: 남구 | E89: 부산광역시 남구 분포로 113 | G89: 051-612-6677 | H89: 216 | I89: 0 | J89: 0 | K89: 0 | L89: 156 | M89: 0 | N89: =IF(COUNT(I89:M89)=0,"",SUM(I89:M89))
A90: 명문글로벌유치원 | B90: 유치원 | C90: 사립(사인) | D90: 남구 | E90: 부산광역시 남구 진남로232번길 51 | G90: 051-636-0086 | H90: 100 | I90: 0 | J90: 0 | K90: 0 | L90: 100 | M90: 0 | N90: =IF(COUNT(I90:M90)=0,"",SUM(I90:M90))
A91: 무지개유치원 | B91: 유치원 | C91: 사립(사인) | D91: 남구 | E91: 부산광역시 남구 못골번영로 72 | G91: 051-628-2878 | H91: 160 | I91: 52 | J91: 52 | K91: 52 | L91: 0 | M91: 0 | N91: =IF(COUNT(I91:M91)=0,"",SUM(I91:M91))
A92: 문현초등학교병설유치원 | B92: 유치원 | C92: 공립(병설) | D92: 남구 | E92: 부산광역시 남구 고동골로 86-13 | F92: http://moonhyun.es.kr/ | G92: 051-946-2122 | H92: 53 | I92: 4 | J92: 8 | K92: 7 | L92: 0 | M92: 2 | N92: =IF(COUNT(I92:M92)=0,"",SUM(I92:M92))
A93: 백합유치원 | B93: 유치원 | C93: 사립(사인) | D93: 남구 | E93: 부산광역시 남구 석포로73번나길 13 | G93: 051-624-2980 | H93: 189 | I93: 25 | J93: 14 | K93: 16 | L93: 0 | M93: 0 | N93: =IF(COUNT(I93:M93)=0,"",SUM(I93:M93))
A94: 부산대연유치원 | B94: 유치원 | C94: 사립(사인) | D94: 남구 | E94: 부산광역시 남구 진남로165번길 4 | F94: https://school.busanedu.net/daeyeon-k | G94: 051-633-7755 | H94: 238 | I94: 0 | J94: 70 | K94: 77 | L94: 60 | M94: 0 | N94: =IF(COUNT(I94:M94)=0,"",SUM(I94:M94))
A95: 새부산유치원 | B95: 유치원 | C95: 사립(사인) | D95: 남구 | E95: 부산광역시 남구 황령대로319번나길 14 | F95: http://home.saebusan.modukids.com | G95: 051-611-2277 | H95: 306 | I95: 48 | J95: 61 | K95: 57 | L95: 33 | M95: 0 | N95: =IF(COUNT(I95:M95)=0,"",SUM(I95:M95))
A96: 색동유치원 | B96: 유치원 | C96: 사립(사인) | D96: 남구 | E96: 부산광역시 남구 유엔로120번가길 121 | G96: 051-647-6033 | H96: 200 | I96: 0 | J96: 69 | K96: 52 | L96: 44 | M96: 0 | N96: =IF(COUNT(I96:M96)=0,"",SUM(I96:M96))
A97: 선화유치원 | B97: 유치원 | C97: 사립(사인) | D97: 남구 | E97: 부산광역시 남구 우암로2번길 5 | G97: 051-636-7886 | N97: =IF(COUNT(I97:M97)=0,"",SUM(I97:M97)) | O97: 연령별 현원 미공시(휴원·신설 등)
A98: 성동초등학교병설유치원 | B98: 유치원 | C98: 공립(병설) | D98: 남구 | E98: 부산광역시 남구 전포대로68번길 27 | F98: http://school.busanedu.net/esungdong-k/main.do | G98: 051-950-1100 | H98: 73 | I98: 11 | J98: 14 | K98: 21 | L98: 0 | M98: 1 | N98: =IF(COUNT(I98:M98)=0,"",SUM(I98:M98))
A99: 성신유치원 | B99: 유치원 | C99: 사립(법인) | D99: 남구 | E99: 부산광역시 남구 수영로49번길 5 | F99: http://school.busanedu.net/sungsin-k | G99: 051-647-5654 | H99: 110 | I99: 14 | J99: 16 | K99: 21 | L99: 0 | M99: 0 | N99: =IF(COUNT(I99:M99)=0,"",SUM(I99:M99))
A100: 솔유치원 | B100: 유치원 | C100: 사립(사인) | D100: 남구 | E100: 부산광역시 남구 용호로231번길 128 | F100: http://school.busanedu.net/sol-k | G100: 051-611-1955 | H100: 98 | I100: 14 | J100: 8 | K100: 7 | L100: 0 | M100: 0 | N100: =IF(COUNT(I100:M100)=0,"",SUM(I100:M100))
...

Sheet 어린이집
A1: 원명 | B1: 구분 | C1: 설립유형 | D1: 구/군 | E1: 주소 | F1: 공식 홈페이지 | G1: 전화번호 | H1: 정원 | I1: 만0세 | J1: 만1세 | K1: 만2세 | L1: 만3세 | M1: 만4세 | N1: 만5세 | O1: 영아혼합반 | P1: 유아혼합반 | Q1: 영유아혼합반 | R1: 장애아반(특수) | S1: 기타(연령구분 없음) | T1: 현원 합계 | U1: 비고
A2: KR 단미래 어린이집 | B2: 어린이집 | C2: 직장 | D2: 강서구 | E2: 부산광역시 강서구 명지오션시티9로 36 | G2: 070-8799-8170 | H2: 155 | I2: 0 | J2: 11 | K2: 8 | L2: 11 | M2: 21 | N2: 14 | O2: 0 | P2: 0 | Q2: 0 | R2: 0 | S2: 56 | T2: =IF(COUNT(I2:S2)=0,"",SUM(I2:S2))
A3: PNC어린이집 | B3: 어린이집 | C3: 직장 | D3: 강서구 | E3: 부산광역시 강서구 신항남로 372 | G3: 070-4145-5327 | H3: 20 | I3: 0 | J3: 0 | K3: 0 | L3: 0 | M3: 0 | N3: 0 | O3: 2 | P3: 0 | Q3: 0 | R3: 0 | S3: 0 | T3: =IF(COUNT(I3:S3)=0,"",SUM(I3:S3))
A4: 가온어린이집 | B4: 어린이집 | C4: 가정 | D4: 강서구 | E4: 부산광역시 강서구 명지국제7로 111 101동 101호(명지동, 명지더웨스턴) | G4: 051-201-3811 | H4: 20 | I4: 4 | J4: 5 | K4: 0 | L4: 0 | M4: 0 | N4: 0 | O4: 0 | P4: 0 | Q4: 0 | R4: 0 | S4: 0 | T4: =IF(COUNT(I4:S4)=0,"",SUM(I4:S4))
A5: 강변어린이집 | B5: 어린이집 | C5: 사회복지법인 | D5: 강서구 | E5: 부산광역시 강서구 공항로361번길 26 (대저2동) | G5: 051-971-0695 | H5: 129 | I5: 0 | J5: 0 | K5: 0 | L5: 0 | M5: 0 | N5: 0 | O5: 0 | P5: 0 | Q5: 0 | R5: 0 | S5: 0 | T5: =IF(COUNT(I5:S5)=0,"",SUM(I5:S5))
A6: 강서다온어린이집 | B6: 어린이집 | C6: 국공립 | D6: 강서구 | E6: 부산광역시 강서구 명지국제6로318번길 58 (명지동) | F6: https://m.cafe.naver.com/ca-fe/gangseodaon | G6: 051-203-3690 | H6: 79 | I6: 0 | J6: 10 | K6: 14 | L6: 24 | M6: 0 | N6: 8 | O6: 0 | P6: 0 | Q6: 0 | R6: 0 | S6: 17 | T6: =IF(COUNT(I6:S6)=0,"",SUM(I6:S6))
A7: 강서어린이집 | B7: 어린이집 | C7: 국공립 | D7: 강서구 | E7: 부산광역시 강서구 대저로63번길 31 (대저1동) | G7: 051-941-4591 | H7: 89 | I7: 9 | J7: 8 | K7: 17 | L7: 6 | M7: 0 | N7: 0 | O7: 0 | P7: 10 | Q7: 0 | R7: 2 | S7: 16 | T7: =IF(COUNT(I7:S7)=0,"",SUM(I7:S7))
A8: 강서자이어린이집 | B8: 어린이집 | C8: 국공립 | D8: 강서구 | E8: 부산광역시 강서구 에코델타1로 24 관리동 | G8: 051-832-0150 | H8: 57 | I8: 9 | J8: 20 | K8: 28 | L8: 0 | M8: 0 | N8: 0 | O8: 0 | P8: 0 | Q8: 0 | R8: 0 | S8: 10 | T8: =IF(COUNT(I8:S8)=0,"",SUM(I8:S8))
A9: 곰돌이어린이집 | B9: 어린이집 | C9: 가정 | D9: 강서구 | E9: 부산광역시 강서구 과학산단2로20번길 91 105동 103호 (지사동, 삼정그린코아) | G9: 051-972-8817 | H9: 20 | I9: 0 | J9: 0 | K9: 0 | L9: 0 | M9: 0 | N9: 0 | O9: 0 | P9: 0 | Q9: 0 | R9: 0 | S9: 0 | T9: =IF(COUNT(I9:S9)=0,"",SUM(I9:S9))
A10: 그린코아어린이집 | B10: 어린이집 | C10: 민간 | D10: 강서구 | E10: 부산광역시 강서구 과학산단2로20번길 91 (지사동, 삼정그린코아) | G10: 051-973-7399 | H10: 47 | I10: 5 | J10: 10 | K10: 21 | L10: 0 | M10: 0 | N10: 0 | O10: 3 | P10: 0 | Q10: 0 | R10: 0 | S10: 5 | T10: =IF(COUNT(I10:S10)=0,"",SUM(I10:S10))
A11: 글로벌새싹어린이집 | B11: 어린이집 | C11: 민간 | D11: 강서구 | E11: 부산광역시 강서구 명지오션시티9로 19 | G11: 051-271-1278 | H11: 128 | I11: 3 | J11: 15 | K11: 28 | L11: 45 | M11: 18 | N11: 18 | O11: 0 | P11: 0 | Q11: 0 | R11: 0 | S11: 16 | T11: =IF(COUNT(I11:S11)=0,"",SUM(I11:S11))
A12: 금강3차어린이집 | B12: 어린이집 | C12: 민간 | D12: 강서구 | E12: 부산광역시 강서구 명지국제5로 110 명지금강펜테리움센트럴파크3차아파트 302동 1층 관리동 보육시설 | G12: 051-208-3338 | H12: 38 | I12: 4 | J12: 8 | K12: 5 | L12: 0 | M12: 0 | N12: 0 | O12: 5 | P12: 0 | Q12: 0 | R12: 0 | S12: 6 | T12: =IF(COUNT(I12:S12)=0,"",SUM(I12:S12))
A13: 금강꿈동이어린이집 | B13: 어린이집 | C13: 민간 | D13: 강서구 | E13: 부산광역시 강서구 명지국제5로 109 명지2차 금강펜트리움센트럴파크 관리동 | G13: 051-204-5880 | H13: 49 | I13: 9 | J13: 16 | K13: 13 | L13: 0 | M13: 0 | N13: 0 | O13: 0 | P13: 0 | Q13: 0 | R13: 0 | S13: 5 | T13: =IF(COUNT(I13:S13)=0,"",SUM(I13:S13))
A14: 금강누리봄어린이집 | B14: 어린이집 | C14: 민간 | D14: 강서구 | E14: 부산광역시 강서구 명지국제5로 59 (명지동, 명지1차금강펜테리움센트럴파크아파트) | G14: 051-293-4628 | H14: 54 | I14: 9 | J14: 13 | K14: 20 | L14: 0 | M14: 0 | N14: 0 | O14: 0 | P14: 0 | Q14: 0 | R14: 0 | S14: 10 | T14: =IF(COUNT(I14:S14)=0,"",SUM(I14:S14))
A15: 금강아이뜰어린이집 | B15: 어린이집 | C15: 가정 | D15: 강서구 | E15: 부산광역시 강서구 명지국제5로 110 312동 101호 (명지동, 금강펜테리움센트럴파크3차) | G15: 051-204-3388 | H15: 19 | I15: 0 | J15: 0 | K15: 0 | L15: 0 | M15: 0 | N15: 0 | O15: 0 | P15: 0 | Q15: 0 | R15: 0 | S15: 0 | T15: =IF(COUNT(I15:S15)=0,"",SUM(I15:S15))
A16: 금강아이어린이집 | B16: 어린이집 | C16: 가정 | D16: 강서구 | E16: 부산광역시 강서구 명지국제5로 59 105동 102호(명지동, 금강펜테리움) | F16: http://jg8514@hanmail.net | G16: 051-907-8896 | H16: 20 | I16: 7 | J16: 5 | K16: 6 | L16: 0 | M16: 0 | N16: 0 | O16: 0 | P16: 0 | Q16: 0 | R16: 0 | S16: 3 | T16: =IF(COUNT(I16:S16)=0,"",SUM(I16:S16))
A17: 금강펜테리움어린이집 | B17: 어린이집 | C17: 민간 | D17: 강서구 | E17: 부산광역시 강서구 과학산단2로20번길 69 지사동, 금강펜테리움아파트 | G17: 051-973-1149 | H17: 45 | I17: 3 | J17: 16 | K17: 21 | L17: 0 | M17: 0 | N17: 0 | O17: 0 | P17: 0 | Q17: 0 | R17: 0 | S17: 10 | T17: =IF(COUNT(I17:S17)=0,"",SUM(I17:S17))
A18: 꿈나래어린이집 | B18: 어린이집 | C18: 가정 | D18: 강서구 | E18: 부산광역시 강서구 명지국제7로 37 205동 106호(명지동, 더샵명지퍼스트월드2단지) | G18: 051-201-0928 | H18: 20 | I18: 3 | J18: 10 | K18: 7 | L18: 0 | M18: 0 | N18: 0 | O18: 0 | P18: 0 | Q18: 0 | R18: 0 | S18: 4 | T18: =IF(COUNT(I18:S18)=0,"",SUM(I18:S18))
A19: 꿈담은어린이집 | B19: 어린이집 | C19: 가정 | D19: 강서구 | E19: 부산광역시 강서구 과학산단2로20번길 69 107동101호(지사동,지사금강펜테리움) | F19: https://www.instagram.com/ddc_s2 | G19: 051-973-0892 | H19: 18 | I19: 2 | J19: 0 | K19: 4 | L19: 0 | M19: 0 | N19: 0 | O19: 2 | P19: 0 | Q19: 0 | R19: 0 | S19: 4 | T19: =IF(COUNT(I19:S19)=0,"",SUM(I19:S19))
A20: 나무야어린이집 | B20: 어린이집 | C20: 가정 | D20: 강서구 | E20: 부산광역시 강서구 명지국제7로 111 110동 102호(명지동, 명지더웨스턴) | G20: 051-996-2028 | H20: 20 | I20: 5 | J20: 5 | K20: 0 | L20: 0 | M20: 0 | N20: 0 | O20: 8 | P20: 0 | Q20: 0 | R20: 0 | S20: 3 | T20: =IF(COUNT(I20:S20)=0,"",SUM(I20:S20))
A21: 낙동어린이집 | B21: 어린이집 | C21: 국공립 | D21: 강서구 | E21: 부산광역시 강서구 순아강변길 5 (명지동) | F21: http://www.ndswc.or.kr | G21: 051-271-0535 | H21: 43 | I21: 0 | J21: 15 | K21: 24 | L21: 0 | M21: 0 | N21: 0 | O21: 0 | P21: 0 | Q21: 0 | R21: 0 | S21: 5 | T21: =IF(COUNT(I21:S21)=0,"",SUM(I21:S21))
A22: 노리숲어린이집 | B22: 어린이집 | C22: 가정 | D22: 강서구 | E22: 부산광역시 강서구 명지국제7로 110 102동102호(명지동, 더 힐 시그니처) | G22: 051-208-1020 | H22: 20 | I22: 2 | J22: 9 | K22: 7 | L22: 0 | M22: 0 | N22: 0 | O22: 0 | P22: 0 | Q22: 0 | R22: 0 | S22: 4 | T22: =IF(COUNT(I22:S22)=0,"",SUM(I22:S22))
A23: 노블랜드에코어린이집 | B23: 어린이집 | C23: 민간 | D23: 강서구 | E23: 부산광역시 강서구 명지국제5로 11 (명지동, 대방노블랜드오션뷰2차아파트) | G23: 051-201-2871 | H23: 45 | I23: 14 | J23: 11 | K23: 10 | L23: 0 | M23: 0 | N23: 0 | O23: 0 | P23: 0 | Q23: 0 | R23: 0 | S23: 8 | T23: =IF(COUNT(I23:S23)=0,"",SUM(I23:S23))
A24: 녹산산단바른어린이집 | B24: 어린이집 | C24: 직장 | D24: 강서구 | E24: 부산광역시 강서구 녹산산단335로 11 (송정동) | G24: 051-831-5022 | H24: 99 | I24: 0 | J24: 9 | K24: 13 | L24: 23 | M24: 22 | N24: 19 | O24: 0 | P24: 0 | Q24: 0 | R24: 0 | S24: 12 | T24: =IF(COUNT(I24:S24)=0,"",SUM(I24:S24))
A25: 늘푸른어린이집 | B25: 어린이집 | C25: 가정 | D25: 강서구 | E25: 부산광역시 강서구 명지국제7로 111 108동 101호(명지1동, 명지더웨스턴) | G25: 051-204-8116 | H25: 20 | I25: 3 | J25: 10 | K25: 7 | L25: 0 | M25: 0 | N25: 0 | O25: 0 | P25: 0 | Q25: 0 | R25: 0 | S25: 5 | T25: =IF(COUNT(I25:S25)=0,"",SUM(I25:S25))
A26: 다솜어린이집 | B26: 어린이집 | C26: 가정 | D26: 강서구 | E26: 부산광역시 강서구 명지국제7로 110 109동 102호(명지동, 더 힐 시그니처) | G26: 070-8115-1022 | H26: 20 | I26: 6 | J26: 0 | K26: 7 | L26: 0 | M26: 0 | N26: 0 | O26: 6 | P26: 0 | Q26: 0 | R26: 0 | S26: 3 | T26: =IF(COUNT(I26:S26)=0,"",SUM(I26:S26))
A27: 대방1차아름드리어린이집 | B27: 어린이집 | C27: 민간 | D27: 강서구 | E27: 부산광역시 강서구 명지국제5로 30 관리동 어린이집(명지동, 대방노블랜드오션뷰1차아파트) | G27: 051-292-0029 | H27: 43 | I27: 9 | J27: 20 | K27: 8 | L27: 0 | M27: 0 | N27: 0 | O27: 0 | P27: 0 | Q27: 0 | R27: 0 | S27: 9 | T27: =IF(COUNT(I27:S27)=0,"",SUM(I27:S27))
A28: 대방아이어린이집 | B28: 어린이집 | C28: 가정 | D28: 강서구 | E28: 부산광역시 강서구 에코델타3로 120 114동 102호 | G28: 051-941-4911 | H28: 20 | I28: 9 | J28: 3 | K28: 0 | L28: 0 | M28: 0 | N28: 0 | O28: 0 | P28: 0 | Q28: 0 | R28: 0 | S28: 0 | T28: =IF(COUNT(I28:S28)=0,"",SUM(I28:S28))
A29: 대사라온어린이집 | B29: 어린이집 | C29: 민간 | D29: 강서구 | E29: 부산광역시 강서구 제도로 1166-11 3통5반 (강동동) | G29: 051-973-5254 | H29: 63 | I29: 0 | J29: 0 | K29: 0 | L29: 0 | M29: 0 | N29: 0 | O29: 0 | P29: 0 | Q29: 0 | R29: 0 | S29: 0 | T29: =IF(COUNT(I29:S29)=0,"",SUM(I29:S29))
A30: 대저어린이집 | B30: 어린이집 | C30: 사회복지법인 | D30: 강서구 | E30: 부산광역시 강서구 공항로767번나길 7 (대저2동) | G30: 051-973-4026 | H30: 72 | I30: 3 | J30: 16 | K30: 21 | L30: 0 | M30: 0 | N30: 0 | O30: 0 | P30: 0 | Q30: 0 | R30: 0 | S30: 0 | T30: =IF(COUNT(I30:S30)=0,"",SUM(I30:S30))
A31: 더베르힐어린이집 | B31: 어린이집 | C31: 국공립 | D31: 강서구 | E31: 부산광역시 강서구 에코델타5로 60 | G31: 051-941-4888 | H31: 68 | I31: 8 | J31: 35 | K31: 19 | L31: 0 | M31: 0 | N31: 0 | O31: 0 | P31: 0 | Q31: 0 | R31: 0 | S31: 5 | T31: =IF(COUNT(I31:S31)=0,"",SUM(I31:S31))
A32: 더샵해누리어린이집 | B32: 어린이집 | C32: 가정 | D32: 강서구 | E32: 부산광역시 강서구 명지국제2로 41 306동 106호(명지동, 더샵명지퍼스트월드3단지) | G32: 051-951-5200 | H32: 20 | I32: 5 | J32: 7 | K32: 7 | L32: 0 | M32: 0 | N32: 0 | O32: 0 | P32: 0 | Q32: 0 | R32: 0 | S32: 4 | T32: =IF(COUNT(I32:S32)=0,"",SUM(I32:S32))
A33: 도담도담어린이집 | B33: 어린이집 | C33: 가정 | D33: 강서구 | E33: 부산광역시 강서구 명지국제5로 165 804동 104호(스위트팰리스아파트) | G33: 051-988-8544 | H33: 20 | I33: 0 | J33: 0 | K33: 4 | L33: 0 | M33: 0 | N33: 0 | O33: 3 | P33: 0 | Q33: 0 | R33: 0 | S33: 3 | T33: =IF(COUNT(I33:S33)=0,"",SUM(I33:S33))
... A38: 라온제나어린이집 | B38: 어린이집 | C38: 사회복지법인 | D38: 강서구 | E38: 부산광역시 강서구 영강길 153-12 (명지동) | G38: 051-271-8303 | H38: 94 | I38: 0 | J38: 10 | K38: 21 | L38: 30 | M38: 9 | N38: 0 | O38: 0 | P38: 19 | Q38: 0 | R38: 0 | S38: 10 | T38: =IF(COUNT(I38:S38)=0,"",SUM(I38:S38))
A39: 롯데캐슬어린이집 | B39: 어린이집 | C39: 가정 | D39: 강서구 | E39: 부산광역시 강서구 명지오션시티11로 84 116동 104호(명지동, 롯데캐슬아파트) | F39: http://blog.naver.com/bskslottecastle | G39: 051-271-5800 | H39: 20 | I39: 2 | J39: 6 | K39: 5 | L39: 0 | M39: 0 | N39: 0 | O39: 0 | P39: 0 | Q39: 0 | R39: 0 | S39: 2 | T39: =IF(COUNT(I39:S39)=0,"",SUM(I39:S39))
A40: 리베어린이집 | B40: 어린이집 | C40: 가정 | D40: 강서구 | E40: 부산광역시 강서구 명지국제2로 41 302동 105호(명지동, 더샵명지퍼스트월드3단지) | G40: 051-271-1196 | H40: 20 | I40: 9 | J40: 5 | K40: 6 | L40: 0 | M40: 0 | N40: 0 | O40: 0 | P40: 0 | Q40: 0 | R40: 0 | S40: 5 | T40: =IF(COUNT(I40:S40)=0,"",SUM(I40:S40))
A41: 링컨어린이집 | B41: 어린이집 | C41: 민간 | D41: 강서구 | E41: 부산광역시 강서구 명지오션시티10로 16 퀸덤1차 링컨타운 211동 1층 (명지동) | G41: 051-997-1231 | H41: 30 | I41: 5 | J41: 9 | K41: 12 | L41: 0 | M41: 0 | N41: 0 | O41: 0 | P41: 0 | Q41: 0 | R41: 0 | S41: 4 | T41: =IF(COUNT(I41:S41)=0,"",SUM(I41:S41))
A42: 명지녹산산단 명지어린이집 | B42: 어린이집 | C42: 직장 | D42: 강서구 | E42: 부산광역시 강서구 명지오션시티11로 79 (명지동) | G42: 051-208-7009 | H42: 95 | I42: 3 | J42: 8 | K42: 13 | L42: 11 | M42: 0 | N42: 0 | O42: 5 | P42: 14 | Q42: 0 | R42: 0 | S42: 12 | T42: =IF(COUNT(I42:S42)=0,"",SUM(I42:S42))
A43: 명지더샵2단지어린이집 | B43: 어린이집 | C43: 국공립 | D43: 강서구 | E43: 부산광역시 강서구 명지국제7로 37 (명지동, 더샵명지퍼스트월드2단지) | G43: 051-291-0077 | H43: 56 | I43: 10 | J43: 15 | K43: 28 | L43: 0 | M43: 0 | N43: 0 | O43: 0 | P43: 0 | Q43: 0 | R43: 0 | S43: 15 | T43: =IF(COUNT(I43:S43)=0,"",SUM(I43:S43))
A44: 명지더샵3단지어린이집 | B44: 어린이집 | C44: 국공립 | D44: 강서구 | E44: 부산광역시 강서구 명지국제2로 41 (명지동, 더샵명지퍼스트월드3단지) | G44: 051-201-3403 | H44: 58 | I44: 0 | J44: 28 | K44: 28 | L44: 0 | M44: 0 | N44: 0 | O44: 0 | P44: 0 | Q44: 0 | R44: 0 | S44: 5 | T44: =IF(COUNT(I44:S44)=0,"",SUM(I44:S44))
A45: 명지삼정어린이집 | B45: 어린이집 | C45: 국공립 | D45: 강서구 | E45: 부산광역시 강서구 명지국제3로 97 (명지동, 삼정그린코아더베스트) | G45: 051-206-2235 | H45: 30 | I45: 5 | J45: 10 | K45: 14 | L45: 0 | M45: 0 | N45: 0 | O45: 0 | P45: 0 | Q45: 0 | R45: 0 | S45: 5 | T45: =IF(COUNT(I45:S45)=0,"",SUM(I45:S45))
A46: 명지엘크루어린이집 | B46: 어린이집 | C46: 민간 | D46: 강서구 | E46: 부산광역시 강서구 명지오션시티12로 10 107동(1층) (명지동, 엘크루솔마레) | G46: 051-293-3336 | H46: 23 | I46: 3 | J46: 9 | K46: 5 | L46: 0 | M46: 0 | N46: 0 | O46: 0 | P46: 0 | Q46: 0 | R46: 0 | S46: 5 | T46: =IF(COUNT(I46:S46)=0,"",SUM(I46:S46))
A47: 명지이편한어린이집 | B47: 어린이집 | C47: 국공립 | D47: 강서구 | E47: 부산광역시 강서구 명지국제2로 80 (명지동, e편한세상명지) | G47: 051-206-1007 | H47: 30 | I47: 0 | J47: 15 | K47: 14 | L47: 0 | M47: 0 | N47: 0 | O47: 0 | P47: 0 | Q47: 0 | R47: 0 | S47: 5 | T47: =IF(COUNT(I47:S47)=0,"",SUM(I47:S47))
A48: 명지큰별어린이집 | B48: 어린이집 | C48: 국공립 | D48: 강서구 | E48: 부산광역시 강서구 명지오션시티2로 71 (명지동, 극동스타클래스) | G48: 051-271-7211 | H48: 48 | I48: 6 | J48: 20 | K48: 21 | L48: 0 | M48: 0 | N48: 0 | O48: 0 | P48: 0 | Q48: 0 | R48: 0 | S48: 5 | T48: =IF(COUNT(I48:S48)=0,"",SUM(I48:S48))
A49: 무궁화어린이집 | B49: 어린이집 | C49: 사회복지법인 | D49: 강서구 | E49: 부산광역시 강서구 명지국제7로 190 (명지동) | G49: 051-271-2940 | H49: 300 | I49: 0 | J49: 23 | K49: 42 | L49: 75 | M49: 39 | N49: 33 | O49: 0 | P49: 0 | Q49: 0 | R49: 0 | S49: 9 | T49: =IF(COUNT(I49:S49)=0,"",SUM(I49:S49))
A50: 미소어린이집 | B50: 어린이집 | C50: 가정 | D50: 강서구 | E50: 부산광역시 강서구 명지오션시티11로 84 102동 103호(명지동,롯데캐슬) | G50: 051-271-7627 | H50: 20 | I50: 2 | J50: 0 | K50: 7 | L50: 0 | M50: 0 | N50: 0 | O50: 4 | P50: 0 | Q50: 0 | R50: 0 | S50: 5 | T50: =IF(COUNT(I50:S50)=0,"",SUM(I50:S50))
A51: 민들레어린이집 | B51: 어린이집 | C51: 가정 | D51: 강서구 | E51: 부산광역시 강서구 신호산단3로 27 101동104호(신호동, 사랑으로부영1차아파트) | G51: 051-972-0706 | H51: 20 | I51: 2 | J51: 3 | K51: 0 | L51: 0 | M51: 0 | N51: 0 | O51: 0 | P51: 0 | Q51: 0 | R51: 0 | S51: 3 | T51: =IF(COUNT(I51:S51)=0,"",SUM(I51:S51))
... A57: 부산서부지원어린이집 | B57: 어린이집 | C57: 직장 | D57: 강서구 | E57: 부산광역시 강서구 명지국제7로 77 부산지방법원 서부지원2층 | G57: 051-812-1520 | H57: 49 | I57: 0 | J57: 8 | K57: 6 | L57: 3 | M57: 0 | N57: 0 | O57: 0 | P57: 9 | Q57: 0 | R57: 0 | S57: 19 | T57: =IF(COUNT(I57:S57)=0,"",SUM(I57:S57))
A58: 부산신호1차부영사랑으로어린이집 | B58: 어린이집 | C58: 민간 | D58: 강서구 | E58: 부산광역시 강서구 신호산단3로 27 104동(신호동, 부영1차아파트) | F58: https://booyoung1.kidsnote.ac/home/main | G58: 051-832-2204 | H58: 39 | I58: 8 | J58: 4 | K58: 8 | L58: 8 | M58: 0 | N58: 0 | O58: 5 | P58: 0 | Q58: 0 | R58: 0 | S58: 15 | T58: =IF(COUNT(I58:S58)=0,"",SUM(I58:S58))
A59: 부산신호2차부영사랑으로어린이집 | B59: 어린이집 | C59: 민간 | D59: 강서구 | E59: 부산광역시 강서구 신호산단4로 27 207동(신호동, 부영2차아파트) | G59: 051-971-1279 | H59: 48 | I59: 6 | J59: 9 | K59: 12 | L59: 8 | M59: 0 | N59: 0 | O59: 0 | P59: 0 | Q59: 0 | R59: 0 | S59: 9 | T59: =IF(COUNT(I59:S59)=0,"",SUM(I59:S59))
A60: 부산신호3차부영사랑으로어린이집 | B60: 어린이집 | C60: 민간 | D60: 강서구 | E60: 부산광역시 강서구 신호산단5로 31 318동(신호동, 부영3차아파트) | G60: 051-832-2253 | H60: 49 | I60: 4 | J60: 19 | K60: 7 | L60: 0 | M60: 0 | N60: 0 | O60: 0 | P60: 0 | Q60: 0 | R60: 3 | S60: 19 | T60: =IF(COUNT(I60:S60)=0,"",SUM(I60:S60))
A61: 부산신호5차부영사랑으로어린이집 | B61: 어린이집 | C61: 민간 | D61: 강서구 | E61: 부산광역시 강서구 신호산단1로 101 관리동(신호동, 부영5차아파트) | G61: 051-832-2016 | H61: 38 | I61: 4 | J61: 3 | K61: 7 | L61: 0 | M61: 0 | N61: 0 | O61: 0 | P61: 0 | Q61: 0 | R61: 0 | S61: 0 | T61: =IF(COUNT(I61:S61)=0,"",SUM(I61:S61))
A62: 사랑가득어린이집 | B62: 어린이집 | C62: 가정 | D62: 강서구 | E62: 부산광역시 강서구 명지오션시티1로 155 110동 202호(명지동, 한신휴플러스) | G62: 051-900-6969 | H62: 20 | I62: 2 | J62: 4 | K62: 5 | L62: 0 | M62: 0 | N62: 0 | O62: 0 | P62: 0 | Q62: 0 | R62: 0 | S62: 3 | T62: =IF(COUNT(I62:S62)=0,"",SUM(I62:S62))
A63: 사랑둥이어린이집 | B63: 어린이집 | C63: 가정 | D63: 강서구 | E63: 부산광역시 강서구 명지국제5로 60 104-103(명지동, 에일린의 뜰 아파트) | G63: 051-202-0637 | H63: 20 | I63: 8 | J63: 5 | K63: 6 | L63: 0 | M63: 0 | N63: 0 | O63: 0 | P63: 0 | Q63: 0 | R63: 0 | S63: 4 | T63: =IF(COUNT(I63:S63)=0,"",SUM(I63:S63))
A64: 삼성전기부산어린이집 | B64: 어린이집 | C64: 직장 | D64: 강서구 | E64: 부산광역시 강서구 녹산산업중로 333 삼성전기 부산공장 33호동(여자기숙사) (송정동) | G64: 051-970-9040 | H64: 108 | I64: 0 | J64: 15 | K64: 15 | L64: 15 | M64: 16 | N64: 10 | O64: 0 | P64: 0 | Q64: 0 | R64: 0 | S64: 61 | T64: =IF(COUNT(I64:S64)=0,"",SUM(I64:S64))
A65: 삼정그린어린이집 | B65: 어린이집 | C65: 가정 | D65: 강서구 | E65: 부산광역시 강서구 명지오션시티10로 114 107동 203호(명지동, 삼정그린코아) | G65: 051-201-4160 | H65: 20 | I65: 3 | J65: 6 | K65: 5 | L65: 0 | M65: 0 | N65: 0 | O65: 0 | P65: 0 | Q65: 0 | R65: 0 | S65: 3 | T65: =IF(COUNT(I65:S65)=0,"",SUM(I65:S65))
A66: 삼정자연어린이집 | B66: 어린이집 | C66: 가정 | D66: 강서구 | E66: 부산광역시 강서구 과학산단2로20번길 91 103동 103호(지사삼정그린코아) | F66: https://blog.naver.com/pmww333 | G66: 051-915-8737 | H66: 20 | I66: 4 | J66: 5 | K66: 4 | L66: 0 | M66: 0 | N66: 0 | O66: 3 | P66: 0 | Q66: 0 | R66: 0 | S66: 4 | T66: =IF(COUNT(I66:S66)=0,"",SUM(I66:S66))
A67: 삼정키즈어린이집 | B67: 어린이집 | C67: 가정 | D67: 강서구 | E67: 부산광역시 강서구 과학산단2로20번길 91 108동 103호(지사동, 삼정그린코아아파트) | F67: https://cafe.naver.com/samjeongkids | G67: 051-941-2882 | H67: 20 | I67: 0 | J67: 0 | K67: 0 | L67: 0 | M67: 0 | N67: 0 | O67: 3 | P67: 0 | Q67: 0 | R67: 0 | S67: 2 | T67: =IF(COUNT(I67:S67)=0,"",SUM(I67:S67))
A68: 서연정어린이집 | B68: 어린이집 | C68: 국공립 | D68: 강서구 | E68: 부산광역시 강서구 대저로255번길 15 | G68: 051-971-6042 | H68: 59 | I68: 3 | J68: 3 | K68: 5 | L68: 3 | M68: 0 | N68: 0 | O68: 8 | P68: 0 | Q68: 0 | R68: 2 | S68: 8 | T68: =IF(COUNT(I68:S68)=0,"",SUM(I68:S68))
A69: 소담어린이집 | B69: 어린이집 | C69: 가정 | D69: 강서구 | E69: 부산광역시 강서구 명지국제7로 133 106동 105호(명지동, 중흥S클래스프라디움) | G69: 051-204-8678 | H69: 18 | I69: 6 | J69: 5 | K69: 5 | L69: 0 | M69: 0 | N69: 0 | O69: 0 | P69: 0 | Q69: 0 | R69: 0 | S69: 3 | T69: =IF(COUNT(I69:S69)=0,"",SUM(I69:S69))
A70: 스위트팰리스어린이집 | B70: 어린이집 | C70: 국공립 | D70: 강서구 | E70: 부산광역시 강서구 명지국제5로 165 (명지동, 명지스위트팰리스) | G70: 051-291-8366 | H70: 48 | I70: 7 | J70: 25 | K70: 12 | L70: 0 | M70: 0 | N70: 0 | O70: 0 | P70: 0 | Q70: 0 | R70: 0 | S70: 5 | T70: =IF(COUNT(I70:S70)=0,"",SUM(I70:S70))
A71: 아이마음어린이집 | B71: 어린이집 | C71: 가정 | D71: 강서구 | E71: 부산광역시 강서구 명지국제5로 141 협성휴포레 105동 102호 | G71: 051-293-1233 | H71: 18 | I71: 5 | J71: 8 | K71: 5 | L71: 0 | M71: 0 | N71: 0 | O71: 0 | P71: 0 | Q71: 0 | R71: 0 | S71: 3 | T71: =IF(COUNT(I71:S71)=0,"",SUM(I71:S71))
A72: 아이캐슬어린이집 | B72: 어린이집 | C72: 민간 | D72: 강서구 | E72: 부산광역시 강서구 명지오션시티11로 84 (명지동, 롯데캐슬아파트) | G72: 051-202-6785 | H72: 41 | I72: 4 | J72: 19 | K72: 13 | L72: 0 | M72: 0 | N72: 0 | O72: 0 | P72: 0 | Q72: 0 | R72: 0 | S72: 5 | T72: =IF(COUNT(I72:S72)=0,"",SUM(I72:S72))
A73: 아이키즈어린이집 | B73: 어린이집 | C73: 민간 | D73: 강서구 | E73: 부산광역시 강서구 명지국제7로 133 1층 관리동(명지동, 중흥S클래스 프라디움) | G73: 051-204-7980 | H73: 49 | I73: 9 | J73: 10 | K73: 21 | L73: 0 | M73: 0 | N73: 0 | O73: 5 | P73: 0 | Q73: 0 | R73: 0 | S73: 9 | T73: =IF(COUNT(I73:S73)=0,"",SUM(I73:S73))
A74: 아이포레어린이집 | B74: 어린이집 | C74: 민간 | D74: 강서구 | E74: 부산광역시 강서구 명지국제5로 141 관리동 (명지1동, 명지협성휴포레) | G74: 051-912-8221 | H74: 59 | I74: 8 | J74: 15 | K74: 14 | L74: 0 | M74: 0 | N74: 0 | O74: 0 | P74: 0 | Q74: 0 | R74: 0 | S74: 5 | T74: =IF(COUNT(I74:S74)=0,"",SUM(I74:S74))
A75: 아인슈타인어린이집 | B75: 어린이집 | C75: 민간 | D75: 강서구 | E75: 부산광역시 강서구 명지오션시티11로 51 퀸덤1차아파트 311동 (명지동) | G75: 051-271-7202 | H75: 32 | I75: 8 | J75: 10 | K75: 13 | L75: 0 | M75: 0 | N75: 0 | O75: 0 | P75: 0 | Q75: 0 | R75: 0 | S75: 3 | T75: =IF(COUNT(I75:S75)=0,"",SUM(I75:S75))
A76: 아침햇살 어린이집 | B76: 어린이집 | C76: 가정 | D76: 강서구 | E76: 부산광역시 강서구 명지국제7로 133 102-101(명지동, 중흥S클래스프라디움) | G76: 070-8286-4886 | H76: 18 | I76: 3 | J76: 10 | K76: 0 | L76: 0 | M76: 0 | N76: 0 | O76: 2 | P76: 0 | Q76: 0 | R76: 0 | S76: 5 | T76: =IF(COUNT(I76:S76)=0,"",SUM(I76:S76))
A77: 앙쥬어린이집 | B77: 어린이집 | C77: 가정 | D77: 강서구 | E77: 부산광역시 강서구 신호산단1로 101 512동 103호(신호동,부영5차) | G77: 051-931-0023 | H77: 20 | I77: 2 | J77: 4 | K77: 0 | L77: 0 | M77: 0 | N77: 0 | O77: 0 | P77: 0 | Q77: 0 | R77: 0 | S77: 3 | T77: =IF(COUNT(I77:S77)=0,"",SUM(I77:S77))
A78: 에듀오션어린이집 | B78: 어린이집 | C78: 민간 | D78: 강서구 | E78: 부산광역시 강서구 명지국제5로 90 207동1층(명지1동, 중흥S클래스 에듀오션) | G78: 051-711-5505 | H78: 68 | I78: 12 | J78: 20 | K78: 28 | L78: 0 | M78: 0 | N78: 0 | O78: 0 | P78: 0 | Q78: 0 | R78: 0 | S78: 5 | T78: =IF(COUNT(I78:S78)=0,"",SUM(I78:S78))
A79: 에듀팰리스어린이집 | B79: 어린이집 | C79: 국공립 | D79: 강서구 | E79: 부산광역시 강서구 명지국제7로 110 (명지동, 더 힐 시그니처) | G79: 051-204-2202 | H79: 39 | I79: 0 | J79: 13 | K79: 19 | L79: 0 | M79: 0 | N79: 0 | O79: 0 | P79: 0 | Q79: 0 | R79: 0 | S79: 5 | T79: =IF(COUNT(I79:S79)=0,"",SUM(I79:S79))
... A119: 휴플러스어린이집 | B119: 어린이집 | C119: 민간 | D119: 강서구 | E119: 부산광역시 강서구 명지오션시티1로 155 (명지동, 한신휴플러스아파트) | G119: 051-201-0975 | H119: 49 | I119: 2 | J119: 12 | K119: 17 | L119: 0 | M119: 0 | N119: 0 | O119: 0 | P119: 0 | Q119: 0 | R119: 0 | S119: 4 | T119: =IF(COUNT(I119:S119)=0,"",SUM(I119:S119))
A120: BNK금정어린이집 | B120: 어린이집 | C120: 직장 | D120: 금정구 | E120: 부산광역시 금정구 금강로 324 (장전동) | F120: http://www.puruni.com/busanbank3 | G120: 051-513-2561 | H120: 63 | I120: 0 | J120: 8 | K120: 3 | L120: 0 | M120: 0 | N120: 0 | O120: 0 | P120: 3 | Q120: 0 | R120: 0 | S120: 8 | T120: =IF(COUNT(I120:S120)=0,"",SUM(I120:S120))
A121: 공립구서어린이집 | B121: 어린이집 | C121: 국공립 | D121: 금정구 | E121: 부산광역시 금정구 금강로 503 롯데캐슬골드 2단지내 (구서동) | G121: 051-518-1437 | H121: 141 | I121: 0 | J121: 25 | K121: 26 | L121: 21 | M121: 19 | N121: 14 | O121: 0 | P121: 0 | Q121: 0 | R121: 0 | S121: 24 | T121: =IF(COUNT(I121:S121)=0,"",SUM(I121:S121))
A122: 공립부곡복지어린이집 | B122: 어린이집 | C122: 국공립 | D122: 금정구 | E122: 부산광역시 금정구 동현로 67 2차상가동내(부곡동, 부곡시영아파트) | G122: 051-515-2066 | H122: 118 | I122: 3 | J122: 10 | K122: 10 | L122: 8 | M122: 0 | N122: 0 | O122: 0 | P122: 9 | Q122: 0 | R122: 0 | S122: 0 | T122: =IF(COUNT(I122:S122)=0,"",SUM(I122:S122))
A123: 구서SK뷰해야어린이집 | B123: 어린이집 | C123: 국공립 | D123: 금정구 | E123: 부산광역시 금정구 금샘로246번길 18 구서동, 구서SK뷰1단지아파트 | F123: https://www.instagram.com/haeya_kid | G123: 051-583-4110 | H123: 43 | I123: 5 | J123: 10 | K123: 14 | L123: 0 | M123: 0 | N123: 0 | O123: 0 | P123: 0 | Q123: 0 | R123: 0 | S123: 5 | T123: =IF(COUNT(I123:S123)=0,"",SUM(I123:S123))
A124: 구서롯데어린이집 | B124: 어린이집 | C124: 민간 | D124: 금정구 | E124: 부산광역시 금정구 금강로 502 관리동(구서동,롯데캐슬골드1단지) | G124: 051-912-5158 | H124: 73 | I124: 13 | J124: 19 | K124: 24 | L124: 0 | M124: 0 | N124: 0 | O124: 0 | P124: 0 | Q124: 0 | R124: 0 | S124: 5 | T124: =IF(COUNT(I124:S124)=0,"",SUM(I124:S124))
A125: 금샘어린이집 | B125: 어린이집 | C125: 민간 | D125: 금정구 | E125: 부산광역시 금정구 팔송로59번길 14 (남산동) | F125: http://cafe.naver.com/geumsaem4846 | G125: 051-582-4846 | H125: 100 | I125: 0 | J125: 0 | K125: 0 | L125: 0 | M125: 0 | N125: 0 | O125: 7 | P125: 0 | Q125: 0 | R125: 0 | S125: 3 | T125: =IF(COUNT(I125:S125)=0,"",SUM(I125:S125))
A126: 금정구청어린이집 | B126: 어린이집 | C126: 직장 | D126: 금정구 | E126: 부산광역시 금정구 중앙대로 1777 금정구청내 금정구청어린이집 | G126: 051-519-4327 | H126: 59 | I126: 0 | J126: 4 | K126: 10 | L126: 8 | M126: 13 | N126: 8 | O126: 0 | P126: 0 | Q126: 0 | R126: 0 | S126: 20 | T126: =IF(COUNT(I126:S126)=0,"",SUM(I126:S126))
A127: 금정산 SK 어린이집 | B127: 어린이집 | C127: 가정 | D127: 금정구 | E127: 부산광역시 금정구 식물원로 64 108동 102호 | G127: 051-517-5932 | H127: 19 | I127: 3 | J127: 9 | K127: 7 | L127: 0 | M127: 0 | N127: 0 | O127: 0 | P127: 0 | Q127: 0 | R127: 0 | S127: 5 | T127: =IF(COUNT(I127:S127)=0,"",SUM(I127:S127))
A128: 금정힐스테이트어린이집 | B128: 어린이집 | C128: 민간 | D128: 금정구 | E128: 부산광역시 금정구 금강로335번길 90 금정힐스테이트 관리동 1층 (장전동) | G128: 051-517-7560 | H128: 21 | I128: 3 | J128: 5 | K128: 7 | L128: 0 | M128: 0 | N128: 0 | O128: 4 | P128: 0 | Q128: 0 | R128: 0 | S128: 3 | T128: =IF(COUNT(I128:S128)=0,"",SUM(I128:S128))
A129: 꼬마대통령어린이집 | B129: 어린이집 | C129: 민간 | D129: 금정구 | E129: 부산광역시 금정구 동현로 50-4 | G129: 051-514-5177 | H129: 39 | I129: 0 | J129: 3 | K129: 4 | L129: 0 | M129: 0 | N129: 0 | O129: 3 | P129: 9 | Q129: 0 | R129: 0 | S129: 9 | T129: =IF(COUNT(I129:S129)=0,"",SUM(I129:S129))
A130: 꽃잎 어린이집 | B130: 어린이집 | C130: 민간 | D130: 금정구 | E130: 부산광역시 금정구 금단로 88 (구서동) | G130: 051-514-9730 | H130: 82 | I130: 5 | J130: 3 | K130: 6 | L130: 13 | M130: 0 | N130: 0 | O130: 0 | P130: 13 | Q130: 0 | R130: 0 | S130: 15 | T130: =IF(COUNT(I130:S130)=0,"",SUM(I130:S130))
A131: 꾸미랑어린이집 | B131: 어린이집 | C131: 민간 | D131: 금정구 | E131: 부산광역시 금정구 서부곡로15번길 34 (부곡동) | G131: 051-516-7260 | H131: 49 | I131: 4 | J131: 10 | K131: 0 | L131: 0 | M131: 0 | N131: 0 | O131: 6 | P131: 0 | Q131: 0 | R131: 0 | S131: 5 | T131: =IF(COUNT(I131:S131)=0,"",SUM(I131:S131))
A132: 꿈동이 어린이집 | B132: 어린이집 | C132: 민간 | D132: 금정구 | E132: 부산광역시 금정구 팔송로 50 (남산동) | F132: http://osjjlove@hanmail.net | G132: 051-514-7567 | H132: 57 | I132: 0 | J132: 0 | K132: 6 | L132: 0 | M132: 0 | N132: 0 | O132: 10 | P132: 18 | Q132: 0 | R132: 0 | S132: 11 | T132: =IF(COUNT(I132:S132)=0,"",SUM(I132:S132))
A133: 꿈사랑어린이집 | B133: 어린이집 | C133: 사회복지법인 | D133: 금정구 | E133: 부산광역시 금정구 서금로25번길 10 (서동) | F133: http://ktp://cafe.naver.com/dreamlovechildren | G133: 051-526-9752 | H133: 41 | I133: 0 | J133: 0 | K133: 0 | L133: 0 | M133: 0 | N133: 0 | O133: 0 | P133: 0 | Q133: 0 | R133: 33 | S133: 0 | T133: =IF(COUNT(I133:S133)=0,"",SUM(I133:S133))
A134: 나무야어린이집 | B134: 어린이집 | C134: 민간 | D134: 금정구 | E134: 부산광역시 금정구 금샘로386번길 5 (구서동) | G134: 051-512-3188 | H134: 53 | I134: 3 | J134: 5 | K134: 10 | L134: 12 | M134: 0 | N134: 0 | O134: 0 | P134: 13 | Q134: 0 | R134: 0 | S134: 19 | T134: =IF(COUNT(I134:S134)=0,"",SUM(I134:S134))
A135: 늘푸른 어린이집 | B135: 어린이집 | C135: 민간 | D135: 금정구 | E135: 부산광역시 금정구 학산로13번길 6 미주빌리지 1층(남산동) | F135: http://cafe.daum.net/baby0959 | G135: 051-583-0959 | H135: 33 | I135: 4 | J135: 10 | K135: 8 | L135: 0 | M135: 0 | N135: 0 | O135: 0 | P135: 8 | Q135: 0 | R135: 0 | S135: 12 | T135: =IF(COUNT(I135:S135)=0,"",SUM(I135:S135))
A136: 대우어린이집 | B136: 어린이집 | C136: 민간 | D136: 금정구 | E136: 부산광역시 금정구 부산대학로 10 | G136: 051-912-2888 | H136: 39 | I136: 9 | J136: 5 | K136: 10 | L136: 0 | M136: 0 | N136: 0 | O136: 0 | P136: 0 | Q136: 0 | R136: 0 | S136: 5 | T136: =IF(COUNT(I136:S136)=0,"",SUM(I136:S136))
A137: 동그라미어린이집 | B137: 어린이집 | C137: 가정 | D137: 금정구 | E137: 부산광역시 금정구 중앙대로1685번길 24 103동 103호(부곡동, 경남한신아파트) | F137: http://cafe.naver.com/dongramicare | G137: 051-516-9923 | H137: 19 | I137: 3 | J137: 7 | K137: 7 | L137: 0 | M137: 0 | N137: 0 | O137: 0 | P137: 0 | Q137: 0 | R137: 0 | S137: 5 | T137: =IF(COUNT(I137:S137)=0,"",SUM(I137:S137))
A138: 동성어린이집 | B138: 어린이집 | C138: 사회복지법인 | D138: 금정구 | E138: 부산광역시 금정구 두실로7번길 69 (구서동) | G138: 051-581-0422 | H138: 89 | I138: 0 | J138: 3 | K138: 4 | L138: 0 | M138: 0 | N138: 0 | O138: 3 | P138: 8 | Q138: 0 | R138: 0 | S138: 3 | T138: =IF(COUNT(I138:S138)=0,"",SUM(I138:S138))
A139: 동심어린이집 | B139: 어린이집 | C139: 민간 | D139: 금정구 | E139: 부산광역시 금정구 금강로740번길 23 (청룡동) | F139: http://a8225@hanmail.net | G139: 051-508-3314 | H139: 39 | I139: 3 | J139: 4 | K139: 11 | L139: 0 | M139: 0 | N139: 0 | O139: 9 | P139: 0 | Q139: 0 | R139: 0 | S139: 5 | T139: =IF(COUNT(I139:S139)=0,"",SUM(I139:S139))
A140: 동원어린이집 | B140: 어린이집 | C140: 가정 | D140: 금정구 | E140: 부산광역시 금정구 부곡로42번길 25 101동 101호(부곡동,온천장역동원로얄듀크) | F140: http://dla3319@hanmail.net | G140: 051-525-5095 | H140: 19 | I140: 4 | J140: 5 | K140: 6 | L140: 0 | M140: 0 | N140: 0 | O140: 2 | P140: 0 | Q140: 0 | R140: 0 | S140: 4 | T140: =IF(COUNT(I140:S140)=0,"",SUM(I140:S140))
A141: 두산위브어린이집 | B141: 어린이집 | C141: 국공립 | D141: 금정구 | E141: 부산광역시 금정구 금정로233번길 63 구서역두산위브포세이돈 | G141: 051-583-1020 | H141: 29 | I141: 6 | J141: 10 | K141: 10 | L141: 0 | M141: 0 | N141: 0 | O141: 0 | P141: 0 | Q141: 0 | R141: 0 | S141: 5 | T141: =IF(COUNT(I141:S141)=0,"",SUM(I141:S141))
A142: 딸기어린이집 | B142: 어린이집 | C142: 민간 | D142: 금정구 | E142: 부산광역시 금정구 서부로69번길 26 (서동) | G142: 051-527-2183 | H142: 32 | I142: 0 | J142: 3 | K142: 7 | L142: 0 | M142: 0 | N142: 0 | O142: 5 | P142: 0 | Q142: 0 | R142: 0 | S142: 5 | T142: =IF(COUNT(I142:S142)=0,"",SUM(I142:S142))
A143: 래미안장전어린이집 | B143: 어린이집 | C143: 국공립 | D143: 금정구 | E143: 부산광역시 금정구 금정로 20 | G143: 051-515-1616 | H143: 97 | I143: 0 | J143: 25 | K143: 41 | L143: 10 | M143: 0 | N143: 0 | O143: 0 | P143: 7 | Q143: 0 | R143: 0 | S143: 10 | T143: =IF(COUNT(I143:S143)=0,"",SUM(I143:S143))
A144: 미키어린이집 | B144: 어린이집 | C144: 민간 | D144: 금정구 | E144: 부산광역시 금정구 서동로5번길 43 (부곡동) | G144: 051-581-7632 | H144: 46 | I144: 0 | J144: 9 | K144: 11 | L144: 0 | M144: 0 | N144: 0 | O144: 4 | P144: 9 | Q144: 0 | R144: 2 | S144: 9 | T144: =IF(COUNT(I144:S144)=0,"",SUM(I144:S144))
A145: 벽산포레어린이집 | B145: 어린이집 | C145: 민간 | D145: 금정구 | E145: 부산광역시 금정구 금강로 225 관리동(장전동, 벽산블루밍아파트) | G145: 051-515-8700 | H145: 40 | I145: 2 | J145: 19 | K145: 14 | L145: 0 | M145: 0 | N145: 0 | O145: 0 | P145: 0 | Q145: 0 | R145: 0 | S145: 5 | T145: =IF(COUNT(I145:S145)=0,"",SUM(I145:S145))
A146: 부산대학교 직장어린이집 | B146: 어린이집 | C146: 직장 | D146: 금정구 | E146: 부산광역시 금정구 부산대학로63번길 2 (장전동) | G146: 051-510-3626 | H146: 95 | I146: 0 | J146: 10 | K146: 14 | L146: 18 | M146: 12 | N146: 19 | O146: 10 | P146: 0 | Q146: 0 | R146: 0 | S146: 40 | T146: =IF(COUNT(I146:S146)=0,"",SUM(I146:S146))
A147: 부산대학교부설어린이집 | B147: 어린이집 | C147: 국공립 | D147: 금정구 | E147: 부산광역시 금정구 금강로321번길 63 (장전동) 부산대학교 부설 어린이집 | F147: http://ecochild.pusan.ac.kr/ | G147: 051-510-1596 | H147: 223 | I147: 0 | J147: 20 | K147: 42 | L147: 30 | M147: 19 | N147: 25 | O147: 0 | P147: 29 | Q147: 0 | R147: 0 | S147: 61 | T147: =IF(COUNT(I147:S147)=0,"",SUM(I147:S147))
A148: 삼한골든뷰어린이집 | B148: 어린이집 | C148: 국공립 | D148: 금정구 | E148: 부산광역시 금정구 중앙대로1629번길 16 부산대역삼한골든뷰에듀스테이션 | G148: 051-514-9993 | H148: 51 | I148: 6 | J148: 15 | K148: 23 | L148: 0 | M148: 0 | N148: 0 | O148: 0 | P148: 0 | Q148: 0 | R148: 0 | S148: 8 | T148: =IF(COUNT(I148:S148)=0,"",SUM(I148:S148))
...

Sheet 초등학교
A1: 학교명 | B1: 구분 | C1: 설립유형 | D1: 구/군 | E1: 주소 | F1: 공식 홈페이지 | G1: 전화번호 | H1: 공시연도 | I1: 1학년 | J1: 2학년 | K1: 3학년 | L1: 4학년 | M1: 5학년 | N1: 6학년 | O1: 특수학급 | P1: 순회학급 | Q1: 학생 합계 | R1: 비고
A2: 가락초등학교 | B2: 초등학교 | C2: 공립 | D2: 강서구 | E2: 부산광역시 강서구 호계로 41 | F2: http://school.busanedu.net/garak-e/main.do | G2: 051-972-8055 | H2: 2026 | I2: 1 | J2: 7 | K2: 1 | L2: 2 | M2: 3 | N2: 2 | O2: 3 | P2: 0 | Q2: =IF(COUNT(I2:P2)=0,"",SUM(I2:P2))
A3: 강서초등학교 | B3: 초등학교 | C3: 공립 | D3: 강서구 | E3: 부산광역시 강서구 에코델타2로 94 | F3: http://gangseoe.es.kr | G3: 051-366-1900 | H3: 2026 | I3: 111 | J3: 74 | K3: 93 | L3: 59 | M3: 58 | N3: 44 | O3: 7 | P3: 0 | Q3: =IF(COUNT(I3:P3)=0,"",SUM(I3:P3))
A4: 남명초등학교 | B4: 초등학교 | C4: 공립 | D4: 강서구 | E4: 부산광역시 강서구 명지오션시티11로 132 | F4: http://nam-myeong.es.kr/ | G4: 051-2600-200 | H4: 2026 | I4: 83 | J4: 108 | K4: 101 | L4: 120 | M4: 158 | N4: 136 | O4: 7 | P4: 0 | Q4: =IF(COUNT(I4:P4)=0,"",SUM(I4:P4))
A5: 녹명초등학교 | B5: 초등학교 | C5: 공립 | D5: 강서구 | E5: 부산광역시 강서구 낙동남로 617 | F5: http://nokmng.es.kr | G5: 051-971-5144 | H5: 2026 | I5: 16 | J5: 12 | K5: 19 | L5: 13 | M5: 18 | N5: 12 | O5: 5 | P5: 0 | Q5: =IF(COUNT(I5:P5)=0,"",SUM(I5:P5))
A6: 녹산초등학교 | B6: 초등학교 | C6: 공립 | D6: 강서구 | E6: 부산광역시 강서구 과학산단2로20번길 55 | F6: http://noksan.es.kr/ | G6: 051-979-1000 | H6: 2026 | I6: 128 | J6: 143 | K6: 142 | L6: 171 | M6: 171 | N6: 170 | O6: 7 | P6: 0 | Q6: =IF(COUNT(I6:P6)=0,"",SUM(I6:P6))
A7: 대사초등학교 | B7: 초등학교 | C7: 공립 | D7: 강서구 | E7: 부산광역시 강서구 낙동북로 73 | F7: http://psdaesa.es.kr | G7: 051-970-0300 | H7: 2026 | I7: 0 | J7: 1 | K7: 1 | L7: 0 | M7: 1 | N7: 0 | O7: 1 | P7: 0 | Q7: =IF(COUNT(I7:P7)=0,"",SUM(I7:P7))
A8: 대상초등학교 | B8: 초등학교 | C8: 공립 | D8: 강서구 | E8: 부산광역시 강서구 대저로 249 | F8: http://daesang.es.kr | G8: 051-971-6311 | H8: 2026 | I8: 6 | J8: 3 | K8: 7 | L8: 2 | M8: 8 | N8: 1 | O8: 5 | P8: 0 | Q8: =IF(COUNT(I8:P8)=0,"",SUM(I8:P8))
A9: 대저중앙초등학교 | B9: 초등학교 | C9: 공립 | D9: 강서구 | E9: 부산광역시 강서구 에코델타2로 23 | F9: http://school.busanedu.net/dj-joongang-e/main.do | G9: 051-605-1000 | H9: 2026 | I9: 250 | J9: 226 | K9: 201 | L9: 191 | M9: 184 | N9: 147 | O9: 6 | P9: 0 | Q9: =IF(COUNT(I9:P9)=0,"",SUM(I9:P9))
A10: 대저초등학교 | B10: 초등학교 | C10: 공립 | D10: 강서구 | E10: 부산광역시 강서구 대저로29번길 27 | F10: http://daejeo.es.kr | G10: 051-970-0200 | H10: 2026 | I10: 4 | J10: 0 | K10: 6 | L10: 2 | M10: 3 | N10: 4 | O10: 1 | P10: 0 | Q10: =IF(COUNT(I10:P10)=0,"",SUM(I10:P10))
A11: 덕두초등학교 | B11: 초등학교 | C11: 공립 | D11: 강서구 | E11: 부산광역시 강서구 공항로791번길 68 | F11: http://www.deokdu.es.kr/ | G11: 051-711-5120 | H11: 2026 | I11: 20 | J11: 33 | K11: 25 | L11: 31 | M11: 24 | N11: 28 | O11: 1 | P11: 0 | Q11: =IF(COUNT(I11:P11)=0,"",SUM(I11:P11))
A12: 명문초등학교 | B12: 초등학교 | C12: 공립 | D12: 강서구 | E12: 부산광역시 강서구 명지국제8로 195 | F12: http://myeongmun.es.kr | G12: 051-710-2114 | H12: 2026 | I12: 173 | J12: 199 | K12: 225 | L12: 219 | M12: 193 | N12: 156 | O12: 9 | P12: 0 | Q12: =IF(COUNT(I12:P12)=0,"",SUM(I12:P12))
A13: 명원초등학교 | B13: 초등학교 | C13: 공립 | D13: 강서구 | E13: 부산광역시 강서구 명지국제6로 147 | F13: http://school.busanedu.net/myoungwon-e/main.do | G13: 051-250-3300 | H13: 2026 | I13: 127 | J13: 175 | K13: 222 | L13: 193 | M13: 237 | N13: 230 | O13: 11 | P13: 0 | Q13: =IF(COUNT(I13:P13)=0,"",SUM(I13:P13))
... A119: 개금초등학교 | B119: 초등학교 | C119: 공립 | D119: 부산진구 | E119: 부산광역시 부산진구 가야대로443번길 25-10 | F119: http://kaegum.es.kr/ | G119: 051-893-0421 | H119: 2026 | I119: 72 | J119: 57 | K119: 70 | L119: 87 | M119: 104 | N119: 135 | O119: 10 | P119: 0 | Q119: =IF(COUNT(I119:P119)=0,"",SUM(I119:P119))
A120: 개림초등학교 | B120: 초등학교 | C120: 공립 | D120: 부산진구 | E120: 부산광역시 부산진구 백양대로320번길 40 | G120: 051-607-7001 | H120: 2026 | I120: 82 | J120: 80 | K120: 100 | L120: 108 | M120: 132 | N120: 111 | O120: 6 | P120: 0 | Q120: =IF(COUNT(I120:P120)=0,"",SUM(I120:P120))
A121: 개원초등학교 | B121: 초등학교 | C121: 공립 | D121: 부산진구 | E121: 부산광역시 부산진구 백양관문로77번길 17 | F121: http://kaewone.es.kr | G121: 051-927-9640 | H121: 2026 | I121: 44 | J121: 54 | K121: 62 | L121: 73 | M121: 74 | N121: 88 | O121: 7 | P121: 0 | Q121: =IF(COUNT(I121:P121)=0,"",SUM(I121:P121))
A122: 개포초등학교 | B122: 초등학교 | C122: 공립 | D122: 부산진구 | E122: 부산광역시 부산진구 백양대로208번길 9 | F122: http://www.gaepo.es.kr | G122: 051-930-8000 | H122: 2026 | I122: 18 | J122: 24 | K122: 27 | L122: 36 | M122: 45 | N122: 47 | O122: 5 | P122: 0 | Q122: =IF(COUNT(I122:P122)=0,"",SUM(I122:P122))
A123: 개화초등학교 | B123: 초등학교 | C123: 공립 | D123: 부산진구 | E123: 부산광역시 부산진구 개금본동로66번길 12-12 | F123: http://www.kae-hwa.es.kr | G123: 051-890-0100 | H123: 2026 | I123: 14 | J123: 10 | K123: 23 | L123: 21 | M123: 33 | N123: 30 | O123: 3 | P123: 0 | Q123: =IF(COUNT(I123:P123)=0,"",SUM(I123:P123))
A124: 당감초등학교 | B124: 초등학교 | C124: 공립 | D124: 부산진구 | E124: 부산광역시 부산진구 당감로 22-5 | F124: http://www.danggam.es.kr | G124: 051-896-0081 | H124: 2026 | I124: 15 | J124: 15 | K124: 21 | L124: 15 | M124: 32 | N124: 39 | O124: 5 | P124: 0 | Q124: =IF(COUNT(I124:P124)=0,"",SUM(I124:P124))
A125: 당평초등학교 | B125: 초등학교 | C125: 공립 | D125: 부산진구 | E125: 부산광역시 부산진구 백양대로136번길 26 | F125: http://www.dangpyung.es.kr | G125: 051-890-8500 | H125: 2026 | I125: 14 | J125: 23 | K125: 35 | L125: 25 | M125: 45 | N125: 44 | O125: 7 | P125: 0 | Q125: =IF(COUNT(I125:P125)=0,"",SUM(I125:P125))
A126: 동성초등학교 | B126: 초등학교 | C126: 사립 | D126: 부산진구 | E126: 부산광역시 부산진구 동성로 26 | F126: https://school.busanedu.net/ds-e | G126: 051-803-8987 | H126: 2026 | I126: 112 | J126: 112 | K126: 112 | L126: 112 | M126: 120 | N126: 120 | O126: 0 | P126: 0 | Q126: =IF(COUNT(I126:P126)=0,"",SUM(I126:P126))
A127: 동양초등학교 | B127: 초등학교 | C127: 공립 | D127: 부산진구 | E127: 부산광역시 부산진구 백양산로 99 | F127: http://school.busanedu.net/dong-yang-e/main.do | G127: 051-819-9103 | H127: 2026 | I127: 16 | J127: 18 | K127: 31 | L127: 28 | M127: 36 | N127: 31 | O127: 4 | P127: 0 | Q127: =IF(COUNT(I127:P127)=0,"",SUM(I127:P127))
A128: 동원초등학교 | B128: 초등학교 | C128: 공립 | D128: 부산진구 | E128: 부산광역시 부산진구 백양산로 43 | F128: http://www.pdw.es.kr | G128: 051-890-0200 | H128: 2026 | I128: 76 | J128: 92 | K128: 99 | L128: 92 | M128: 114 | N128: 108 | O128: 6 | P128: 0 | Q128: =IF(COUNT(I128:P128)=0,"",SUM(I128:P128))
A129: 동평초등학교 | B129: 초등학교 | C129: 공립 | D129: 부산진구 | E129: 부산광역시 부산진구 당감서로65번길 31 | F129: http://dongpyeong.es.kr | G129: 051-718-0100 | H129: 2026 | I129: 74 | J129: 92 | K129: 79 | L129: 86 | M129: 88 | N129: 81 | O129: 6 | P129: 0 | Q129: =IF(COUNT(I129:P129)=0,"",SUM(I129:P129))
A130: 부산진초등학교 | B130: 초등학교 | C130: 공립 | D130: 부산진구 | E130: 부산광역시 부산진구 범천로 30 | F130: http://pusanjin.es.kr | G130: 051-801-2800 | H130: 2026 | I130: 48 | J130: 52 | K130: 75 | L130: 78 | M130: 68 | N130: 60 | O130: 8 | P130: 0 | Q130: =IF(COUNT(I130:P130)=0,"",SUM(I130:P130))
A131: 부암초등학교 | B131: 초등학교 | C131: 공립 | D131: 부산진구 | E131: 부산광역시 부산진구 신천대로263번길 26 | F131: http://www.buam.es.kr | G131: 051-816-2675 | H131: 2026 | I131: 101 | J131: 104 | K131: 101 | L131: 122 | M131: 115 | N131: 131 | O131: 11 | P131: 0 | Q131: =IF(COUNT(I131:P131)=0,"",SUM(I131:P131))
A132: 부전초등학교 | B132: 초등학교 | C132: 공립 | D132: 부산진구 | E132: 부산광역시 부산진구 부전로65번길 25 | F132: https://school.busanedu.net/pspujun-e/main.do# | G132: 051-811-7800 | H132: 2026 | I132: 59 | J132: 62 | K132: 49 | L132: 61 | M132: 56 | N132: 62 | O132: 5 | P132: 0 | Q132: =IF(COUNT(I132:P132)=0,"",SUM(I132:P132))
... A181: 모라초등학교 | B181: 초등학교 | C181: 공립 | D181: 사상구 | E181: 부산광역시 사상구 모라로64번길 46 | F181: http://www.mora.es.kr/ | G181: 051-310-7400 | H181: 2026 | I181: 13 | J181: 17 | K181: 15 | L181: 11 | M181: 20 | N181: 27 | O181: 11 | P181: 0 | Q181: =IF(COUNT(I181:P181)=0,"",SUM(I181:P181))
A182: 모산초등학교 | B182: 초등학교 | C182: 공립 | D182: 사상구 | E182: 부산광역시 사상구 모라로110번길 93 | G182: 051-329-4000 | H182: 2026 | I182: 20 | J182: 41 | K182: 45 | L182: 45 | M182: 52 | N182: 45 | O182: 5 | P182: 0 | Q182: =IF(COUNT(I182:P182)=0,"",SUM(I182:P182))
A183: 사상초등학교 | B183: 초등학교 | C183: 공립 | D183: 사상구 | E183: 부산광역시 사상구 운산로 65 | F183: http://sasang.es.kr/ | G183: 051-330-5300 | H183: 2026 | I183: 47 | J183: 51 | K183: 63 | L183: 51 | M183: 55 | N183: 58 | O183: 12 | P183: 0 | Q183: =IF(COUNT(I183:P183)=0,"",SUM(I183:P183))
A184: 삼덕초등학교 | B184: 초등학교 | C184: 공립 | D184: 사상구 | E184: 부산광역시 사상구 삼덕로 24 | F184: http://www.samdok.es.kr | G184: 051-303-0242 | H184: 2026 | I184: 10 | J184: 12 | K184: 15 | L184: 22 | M184: 17 | N184: 12 | O184: 6 | P184: 0 | Q184: =IF(COUNT(I184:P184)=0,"",SUM(I184:P184))
A185: 서감초등학교 | B185: 초등학교 | C185: 공립 | D185: 사상구 | E185: 부산광역시 사상구 괘감로 64 | F185: http://seogam.es.kr/ | G185: 051-320-5800 | H185: 2026 | I185: 10 | J185: 21 | K185: 18 | L185: 16 | M185: 16 | N185: 20 | O185: 5 | P185: 0 | Q185: =IF(COUNT(I185:P185)=0,"",SUM(I185:P185))
A186: 엄궁초등학교 | B186: 초등학교 | C186: 공립 | D186: 사상구 | E186: 부산광역시 사상구 엄궁로191번길 23 | F186: http://www.omgung.es.kr/ | G186: 051-323-6840 | H186: 2026 | I186: 48 | J186: 57 | K186: 72 | L186: 87 | M186: 105 | N186: 102 | O186: 12 | P186: 0 | Q186: =IF(COUNT(I186:P186)=0,"",SUM(I186:P186))
A187: 주감초등학교 | B187: 초등학교 | C187: 공립 | D187: 사상구 | E187: 부산광역시 사상구 양지로 48 | F187: http://www.jugam.es.kr | G187: 051-320-3900 | H187: 2026 | I187: 93 | J187: 105 | K187: 81 | L187: 105 | M187: 101 | N187: 104 | O187: 12 | P187: 0 | Q187: =IF(COUNT(I187:P187)=0,"",SUM(I187:P187))
A188: 주양초등학교 | B188: 초등학교 | C188: 공립 | D188: 사상구 | E188: 부산광역시 사상구 백양대로 372-6 | F188: http://www.juyang.es.kr/ | G188: 051-329-1500 | H188: 2026 | I188: 28 | J188: 38 | K188: 37 | L188: 48 | M188: 51 | N188: 46 | O188: 6 | P188: 0 | Q188: =IF(COUNT(I188:P188)=0,"",SUM(I188:P188))
A189: 주학초등학교 | B189: 초등학교 | C189: 공립 | D189: 사상구 | E189: 부산광역시 사상구 가야대로366번길 120 | F189: http://www.juhak.es.kr | G189: 051-327-7471 | H189: 2026 | I189: 2 | J189: 4 | K189: 7 | L189: 6 | M189: 6 | N189: 6 | O189: 2 | P189: 0 | Q189: =IF(COUNT(I189:P189)=0,"",SUM(I189:P189))
A190: 창진초등학교 | B190: 초등학교 | C190: 공립 | D190: 사상구 | E190: 부산광역시 사상구 사상로223번길 100 | F190: http://www.changjin.es.kr/ | G190: 051-310-3400 | H190: 2026 | I190: 47 | J190: 68 | K190: 57 | L190: 67 | M190: 85 | N190: 59 | O190: 6 | P190: 0 | Q190: =IF(COUNT(I190:P190)=0,"",SUM(I190:P190))
A191: 학장초등학교 | B191: 초등학교 | C191: 공립 | D191: 사상구 | E191: 부산광역시 사상구 대동로 205 | F191: http://www.hakjang.es.kr/ | G191: 051-320-5701 | H191: 2026 | I191: 23 | J191: 33 | K191: 25 | L191: 37 | M191: 28 | N191: 33 | O191: 3 | P191: 0 | Q191: =IF(COUNT(I191:P191)=0,"",SUM(I191:P191))
A192: 학진초등학교 | B192: 초등학교 | C192: 공립 | D192: 사상구 | E192: 부산광역시 사상구 대동로 34-16 | F192: http://school.busanedu.net/hakjin-e | G192: 051-982-5000 | H192: 2026 | I192: 38 | J192: 38 | K192: 67 | L192: 65 | M192: 77 | N192: 69 | O192: 11 | P192: 0 | Q192: =IF(COUNT(I192:P192)=0,"",SUM(I192:P192))
A193: 감천초등학교 | B193: 초등학교 | C193: 공립 | D193: 사하구 | E193: 부산광역시 사하구 원양로 368-2 | F193: http://www.gam.es.kr | G193: 051-206-9482 | H193: 2026 | I193: 6 | J193: 15 | K193: 8 | L193: 20 | M193: 20 | N193: 13 | O193: 3 | P193: 0 | Q193: =IF(COUNT(I193:P193)=0,"",SUM(I193:P193))
A194: 괴정초등학교 | B194: 초등학교 | C194: 공립 | D194: 사하구 | E194: 부산광역시 사하구 낙동대로 152 | F194: https://school.busanedu.net/koejeong-e/main.do | G194: 051-220-0500 | H194: 2026 | I194: 47 | J194: 67 | K194: 75 | L194: 104 | M194: 68 | N194: 91 | O194: 12 | P194: 0 | Q194: =IF(COUNT(I194:P194)=0,"",SUM(I194:P194))
... A303: 해원초등학교 | B303: 초등학교 | C303: 공립 | D303: 해운대구 | E303: 부산광역시 해운대구 마린시티2로 10 | F303: http://haewon.es.kr | G303: 051-740-9900 | H303: 2026 | I303: 148 | J303: 160 | K303: 157 | L303: 190 | M303: 207 | N303: 177 | O303: 9 | P303: 0 | Q303: =IF(COUNT(I303:P303)=0,"",SUM(I303:P303))
A304: 눌차초등학교 | B304: 초등학교 | C304: 공립 | F304: http://www.nulcha.es.kr | G304: 051-972-7326 | Q304: =IF(COUNT(I304:P304)=0,"",SUM(I304:P304)) | R304: 2026 공시 없음 — 폐교·통폐합 여부 확인 필요
A305: 대저중앙초등학교 | B305: 초등학교 | C305: 공립 | D305: 강서구 | E305: 부산광역시 강서구 공항로811번길 46 | F305: http://www.djjang.es.kr | G305: 973-1403 | Q305: =IF(COUNT(I305:P305)=0,"",SUM(I305:P305)) | R305: 2026 공시 없음 — 폐교·통폐합 여부 확인 필요
A306: 덕도초등학교 | B306: 초등학교 | C306: 공립 | D306: 강서구 | E306: 부산광역시 강서구 상덕로 113 | F306: http://dukdo.es.kr | G306: 051-972-1915 | Q306: =IF(COUNT(I306:P306)=0,"",SUM(I306:P306)) | R306: 2026 공시 없음 — 폐교·통폐합 여부 확인 필요
A307: 삼광초등학교 | B307: 초등학교 | C307: 공립 | D307: 강서구 | E307: 부산광역시 강서구 제도로 434 | F307: http://samkwang.es.kr | G307: 051-973-1918 | Q307: =IF(COUNT(I307:P307)=0,"",SUM(I307:P307)) | R307: 2026 공시 없음 — 폐교·통폐합 여부 확인 필요
A308: 세산초등학교 | B308: 초등학교 | C308: 공립 | D308: 강서구 | E308: 부산광역시 강서구 세산길 89 | F308: http://www.sesan.es.kr | G308: 051-971-5404 | Q308: =IF(COUNT(I308:P308)=0,"",SUM(I308:P308)) | R308: 2026 공시 없음 — 폐교·통폐합 여부 확인 필요
A309: 송정초등학교 | B309: 초등학교 | C309: 공립 | D309: 강서구 | E309: 부산광역시 강서구 가락대로 230-72 | F309: http://www.pssongjung.es.kr/ | G309: 051-831-5368 | Q309: =IF(COUNT(I309:P309)=0,"",SUM(I309:P309)) | R309: 2026 공시 없음 — 폐교·통폐합 여부 확인 필요
A310: 서곡초등학교 | B310: 초등학교 | C310: 공립 | D310: 금정구 | E310: 부산광역시 금정구 윤산로 279 | F310: http://ps-seogok.es.kr | G310: 051-524-8102 | Q310: =IF(COUNT(I310:P310)=0,"",SUM(I310:P310)) | R310: 2026 공시 없음 — 폐교·통폐합 여부 확인 필요
A311: 회동초등학교 | B311: 초등학교 | C311: 공립 | D311: 금정구 | E311: 부산광역시 금정구 금사로 217 | F311: http://hoedong.es.kr/ | G311: 719-5330 | Q311: =IF(COUNT(I311:P311)=0,"",SUM(I311:P311)) | R311: 2026 공시 없음 — 폐교·통폐합 여부 확인 필요
A312: 일광초등학교 | B312: 초등학교 | C312: 공립 | D312: 기장군 | E312: 부산광역시 기장군 일광면 해빛로 46 | F312: http://www.ilgwang.es.kr | G312: 051-930-7770 | Q312: =IF(COUNT(I312:P312)=0,"",SUM(I312:P312)) | R312: 2026 공시 없음 — 폐교·통폐합 여부 확인 필요
A313: 좌성초등학교 | B313: 초등학교 | C313: 공립 | D313: 동구 | E313: 부산광역시 동구 증산동로 59 | F313: http://school.busanedu.net/jwasung-e/intro.do | G313: 051-646-7246 | Q313: =IF(COUNT(I313:P313)=0,"",SUM(I313:P313)) | R313: 2026 공시 없음 — 폐교·통폐합 여부 확인 필요
A314: 좌천초등학교 | B314: 초등학교 | C314: 공립 | D314: 동구 | E314: 부산광역시 동구 증산서로 18 | F314: http://www.joachun.es.kr | G314: 051-647-2772 | Q314: =IF(COUNT(I314:P314)=0,"",SUM(I314:P314)) | R314: 2026 공시 없음 — 폐교·통폐합 여부 확인 필요
A315: 가산초등학교 | B315: 초등학교 | C315: 공립 | D315: 부산진구 | E315: 부산광역시 부산진구 엄광로182번길 49 | F315: http://pusangasan.es.kr | G315: 051-892-9765 | H315: 2024 | I315: 0 | J315: 4 | K315: 8 | L315: 6 | M315: 5 | N315: 10 | O315: 3 | P315: 0 | Q315: =IF(COUNT(I315:P315)=0,"",SUM(I315:P315)) | R315: 2024년 공시가 최신 — 폐교·통폐합 여부 확인 필요
A316: 주원초등학교 | B316: 초등학교 | C316: 공립 | D316: 부산진구 | E316: 부산광역시 부산진구 복지로 71 | F316: http://juwon.es.kr | G316: 051-894-4154 | H316: 2024 | I316: 11 | J316: 15 | K316: 16 | L316: 15 | M316: 14 | N316: 23 | O316: 5 | P316: 0 | Q316: =IF(COUNT(I316:P316)=0,"",SUM(I316:P316)) | R316: 2024년 공시가 최신 — 폐교·통폐합 여부 확인 필요
A317: 괘법초등학교 | B317: 초등학교 | C317: 공립 | D317: 사상구 | E317: 부산광역시 사상구 사상로161번길 8 | F317: http://gwaebeop.es.kr | G317: 051-315-4345 | H317: 2025 | I317: 9 | J317: 9 | K317: 10 | L317: 5 | M317: 9 | N317: 7 | O317: 3 | P317: 0 | Q317: =IF(COUNT(I317:P317)=0,"",SUM(I317:P317)) | R317: 2025년 공시가 최신 — 폐교·통폐합 여부 확인 필요
A318: 감정초등학교 | B318: 초등학교 | C318: 공립 | D318: 사하구 | E318: 부산광역시 사하구 옥천로 130 | F318: http://gamjung.es.kr/ | G318: 051-220-0100 | Q318: =IF(COUNT(I318:P318)=0,"",SUM(I318:P318)) | R318: 2026 공시 없음 — 폐교·통폐합 여부 확인 필요
A319: 봉삼초등학교 | B319: 초등학교 | C319: 공립 | D319: 영도구 | E319: 부산광역시 영도구 함지로79번길 39 | F319: http://bongsam.es.kr | G319: 051-405-0916 | H319: 2025 | I319: 5 | J319: 1 | K319: 5 | L319: 4 | M319: 8 | N319: 4 | O319: 5 | P319: 0 | Q319: =IF(COUNT(I319:P319)=0,"",SUM(I319:P319)) | R319: 2025년 공시가 최신 — 폐교·통폐합 여부 확인 필요
A320: 신선초등학교 | B320: 초등학교 | C320: 공립 | D320: 영도구 | E320: 부산광역시 영도구 산정길 17 | F320: http://www.sinseon.es.kr/ | G320: 051-719-1301 | H320: 2025 | I320: 0 | J320: 3 | K320: 4 | L320: 2 | M320: 0 | N320: 12 | O320: 0 | P320: 0 | Q320: =IF(COUNT(I320:P320)=0,"",SUM(I320:P320)) | R320: 2025년 공시가 최신 — 폐교·통폐합 여부 확인 필요
A321: 위봉초등학교 | B321: 초등학교 | C321: 공립 | D321: 해운대구 | E321: 부산광역시 해운대구 재반로 301 | F321: http://we.es.kr | G321: 051-520-0400 | Q321: =IF(COUNT(I321:P321)=0,"",SUM(I321:P321)) | R321: 2026 공시 없음 — 폐교·통폐합 여부 확인 필요
